Accession,Lat,Lon,YearCollected,Fitness,Location,Season,YearPlanted
Ta-0,49.41,14.66,1937,17.5,Norwich,Autumn,2006
Wa-1,52.23,21.01,1937,776.64,Norwich,Autumn,2006
Bd-0,52.45,13.28,1939,909.816,Norwich,Autumn,2006
Col-0,52.73,15.24,1939,479.32,Norwich,Autumn,2006
Dr-0,51.1,13.82,1939,2600.6325,Norwich,Autumn,2006
Gie-0,50.58,8.65,1939,0,Norwich,Autumn,2006
Gr-3,47.07,15.44,1939,1464.784,Norwich,Autumn,2006
Gr-6,47.07,15.44,1939,4882.624,Norwich,Autumn,2006
In-0,47.26,11.39,1939,3027.776,Norwich,Autumn,2006
Is-0,50.48,7.6,1939,2766.698,Norwich,Autumn,2006
La-1,52.73,15.24,1939,3065.514,Norwich,Autumn,2006
Ler-1,52.73,15.24,1939,201,Norwich,Autumn,2006
Lu-1,55.7,13.19,1939,4540.576,Norwich,Autumn,2006
St-0,59.33,18.06,1939,9051.826,Norwich,Autumn,2006
Bl-1,44.49,11.35,1940,3800.8,Norwich,Autumn,2006
Bs-1,47.56,7.58,1940,5264.236,Norwich,Autumn,2006
Bs-5 ,47.56,7.58,1940,6739.496,Norwich,Autumn,2006
Bsch-0,50.02,8.67,1940,1264.484,Norwich,Autumn,2006
Da-0,49.87,8.65,1940,5336.18,Norwich,Autumn,2006
Fr-2,50.12,8.68,1940,2611.604,Norwich,Autumn,2006
Li-2:1 ,50.37,8.12,1940,4129.728,Norwich,Autumn,2006
Si-0,50.87,8.02,1940,12423.2,Norwich,Autumn,2006
Vi-0,50.18,8.74,1940,5876.16,Norwich,Autumn,2006
Bu-0,50.7,9.72,1941,506.42,Norwich,Autumn,2006
Ep-0,50.17,8.39,1941,8518.4,Norwich,Autumn,2006
Kn-0,54.9,23.89,1942,2817.404,Norwich,Autumn,2006
Rsch-0,56.27,34.33,1942,3343.76,Norwich,Autumn,2006
Chi-0,53.74,34.74,1943,1425.6,Norwich,Autumn,2006
Lm-2,48.01,0.2,1943,5292.815,Norwich,Autumn,2006
Nw-1,50.32,8.41,1943,1085.77,Norwich,Autumn,2006
Nw-3 ,50.32,8.41,1943,5584.544,Norwich,Autumn,2006
Rou-0,49.44,1.1,1943,21133,Norwich,Autumn,2006
Stw-0,52.97,36.07,1943,2753.762,Norwich,Autumn,2006
Ws-0,53.09,30.91,1943,6959.61,Norwich,Autumn,2006
Li-6:1,50.37,8.12,1944,16897.399,Norwich,Autumn,2006
G-0,50.39,8,1947,2210.14,Norwich,Autumn,2006
Ga-0,50.3,8,1948,8075.1175,Norwich,Autumn,2006
Li-10,50.37,8.12,1948,1196.324,Norwich,Autumn,2006
Ll-0,41.83,2.89,1948,16366.964,Norwich,Autumn,2006
Ll-2 ,41.83,2.89,1948,2987.994,Norwich,Autumn,2006
Loh-0,50.37,8.12,1948,8207.6,Norwich,Autumn,2006
Pla-0,41.92,3.08,1948,206.5,Norwich,Autumn,2006
Se-0,41.42,2.25,1948,10999.308,Norwich,Autumn,2006
Sei-0,46.55,11.56,1948,1950.904,Norwich,Autumn,2006
Sf-1,42.47,0.53,1948,4929.708,Norwich,Autumn,2006
Sf-2 ,42.47,0.53,1948,17751.42,Norwich,Autumn,2006
Ts-1,41.72,2.93,1948,20168.106,Norwich,Autumn,2006
Ts-5,41.72,2.93,1948,9289.75,Norwich,Autumn,2006
Mr-0,44.78,9.77,1952,127.44,Norwich,Autumn,2006
An-1,51.22,4.42,1954,5017.333333,Norwich,Autumn,2006
Bla-1,41.67,2.79,1954,8413.33,Norwich,Autumn,2006
Co-2,40.21,-8.43,1954,4089.9,Norwich,Autumn,2006
Fe-1,48,7.85,1954,9285.23,Norwich,Autumn,2006
Sg-1,48.12,8.33,1954,6056.728,Norwich,Autumn,2006
Uk-4,48.03,7.76,1954,315.02,Norwich,Autumn,2006
Ak-1,48.07,7.65,1955,21045.262,Norwich,Autumn,2006
Lo-1,47.62,7.66,1955,5187.6,Norwich,Autumn,2006
Mrk-0,47.64,7.59,1955,7597.32,Norwich,Autumn,2006
Set-0,54.07,-2.28,1955,NA,Norwich,Autumn,2006
Bla-10Ê,41.67,2.79,1956,12246.36,Norwich,Autumn,2006
Gd-1,53.55,10.78,1957,5133.725,Norwich,Autumn,2006
Pt-0,53.48,10.61,1957,706,Norwich,Autumn,2006
G-2 ,51.53,9.93,1958,340.2,Norwich,Autumn,2006
Goettingen-22,51.32,9.55,1959,2119.594,Norwich,Autumn,2006
Goettingen-7,51.32,9.55,1959,0,Norwich,Autumn,2006
Rennes-1,48.5,-1.41,1959,4224.942,Norwich,Autumn,2006
Aa-0,50.92,9.57,1959,1171.8,Norwich,Autumn,2006
Ba-1,56.54,-4.79,1959,8300.261,Norwich,Autumn,2006
Ca-0,50.3,8.27,1959,9926.0125,Norwich,Autumn,2006
El-0,51.3,9.97,1959,2947.914,Norwich,Autumn,2006
Hh-0,54.42,9.89,1959,NA,Norwich,Autumn,2006
Hn-0,51.33,8.27,1959,7698.665,Norwich,Autumn,2006
Lan-0,55.67,-3.78,1959,16086.28,Norwich,Autumn,2006
Ag-0,45.1,1.93,1960,3150.565,Norwich,Autumn,2006
Et-0,44.64,2.56,1960,3947.3,Norwich,Autumn,2006
Hl-0,52.26,9.63,1960,NA,Norwich,Autumn,2006
Pn-0,48.07,-2.97,1960,3906.66,Norwich,Autumn,2006
Hl-3 ,51.57,9.9,1961,2613.031,Norwich,Autumn,2006
Hs-0,52.91,9.02,1961,4482.216,Norwich,Autumn,2006
Ty-0,56.43,-5.24,1961,5024.78,Norwich,Autumn,2006
Np-0,52.7,10.98,1963,153.2,Norwich,Autumn,2006
Fi-0,50.5,8.02,1964,2326.0125,Norwich,Autumn,2006
Me-0,51.92,10.11,1964,4262.76,Norwich,Autumn,2006
Nd-1,47.4,8.18,1964,5801.968,Norwich,Autumn,2006
Or-0,50.38,8.01,1964,145.55,Norwich,Autumn,2006
Ove-0,53.54,7.8,1964,7,Norwich,Autumn,2006
Sh-0,51.68,10.21,1964,1147.875,Norwich,Autumn,2006
Wc-2,52.6,10.08,1964,1273.68,Norwich,Autumn,2006
Wt-5,52.65,9.84,1964,336.28,Norwich,Autumn,2006
Sue-0,37.18,-3.6,1967,1959.315,Norwich,Autumn,2006
Sah-0,38.9,-3.05,1974,NA,Norwich,Autumn,2006
Mz-0,47.97,7.83,1975,2668.852,Norwich,Autumn,2006
Per-1,58,56.24,1975,1241.64,Norwich,Autumn,2006
So-0,61.55,6.33,1975,576.72,Norwich,Autumn,2006
Bus-0,60.47,8.47,1976,1422.36,Norwich,Autumn,2006
Nie-0,50.34,8.43,1976,3271.86,Norwich,Autumn,2006
Hel-1,60.17,24.94,1977,2877.444,Norwich,Autumn,2006
Nc-1,48.61,6.25,1977,3990.132,Norwich,Autumn,2006
Al-0,55.19,9.01,1978,0,Norwich,Autumn,2006
Eil-0,51.47,12.62,1978,2861.89,Norwich,Autumn,2006
Ge-1,46.2,6.14,1978,1253.28,Norwich,Autumn,2006
No-0,51.06,13.3,1978,3698.61,Norwich,Autumn,2006
Ob-2,50.2,8.58,1978,24345.44,Norwich,Autumn,2006
Sol-0,55.54,12.18,1978,1685.22,Norwich,Autumn,2006
Ste-0,52.6,11.87,1978,33.8,Norwich,Autumn,2006
Db-0,50.09,8.24,1979,10894.456,Norwich,Autumn,2006
Es-0,60.21,24.65,1979,0,Norwich,Autumn,2006
Lip-0,50.14,19.4,1980,12122.396,Norwich,Autumn,2006
Bay-0,49.95,11.58,1983,3237.436,Norwich,Autumn,2006
Mnz-0,50,8.27,1984,6287.095,Norwich,Autumn,2006
Dra-0,49.42,16.27,1987,397.718,Norwich,Autumn,2006
Jm-0,49.07,16.25,1987,25847.801,Norwich,Autumn,2006
Ang-0,50.62,5.6,1987,5093.824,Norwich,Autumn,2006
Cit-0,43.38,2.54,1987,3063.84,Norwich,Autumn,2006
Gy-0,46.52,1.38,1987,10741.16,Norwich,Autumn,2006
Lz-0,45.83,3.38,1987,15962.66,Norwich,Autumn,2006
Ra-0,46.02,3.35,1987,164.66,Norwich,Autumn,2006
Nok-3,52.23,4.45,1989,5650.87,Norwich,Autumn,2006
Arby-1,59.38,16.52,1990,5370.48,Norwich,Autumn,2006
Benk-1,52,5.68,1990,11548.66667,Norwich,Autumn,2006
Chat-1,48.07,1.33,1990,2607.26,Norwich,Autumn,2006
Ema-1,51.28,0.45,1990,23682.86,Norwich,Autumn,2006
Eri-1,56.44,15.36,1990,NA,Norwich,Autumn,2006
Lp2-2,49.22,16.39,1990,37.4,Norwich,Autumn,2006
Lp2-6,49.22,16.39,1990,6162.02,Norwich,Autumn,2006
Pu2-23,49.42,16.42,1990,794.12,Norwich,Autumn,2006
Pu2-7,49.42,16.42,1990,2232.3,Norwich,Autumn,2006
Rak-2,49.04,16.31,1990,2975.12,Norwich,Autumn,2006
Rome-1,41.9,12.48,1990,7855.9,Norwich,Autumn,2006
Sap-0,49.81,14.4,1990,1935.2,Norwich,Autumn,2006
Ting-1,56.52,14.98,1990,1947.75,Norwich,Autumn,2006
Wei-0,47.42,8.43,1990,2622.8,Norwich,Autumn,2006
Wei-1,47.42,8.43,1990,12294.9,Norwich,Autumn,2006
Zu-0,47.37,8.54,1990,NA,Norwich,Autumn,2006
Zu-1,47.37,8.54,1990,2800.14,Norwich,Autumn,2006
Abd-0,57.15,-2.22,1993,12603.788,Norwich,Autumn,2006
C24,40.21,-8.43,1993,4378.96,Norwich,Autumn,2006
Jl-5,49.31,16.61,1993,16794.76,Norwich,Autumn,2006
Ka-0,46.72,14.18,1993,2672.6,Norwich,Autumn,2006
Kondara,38.35,68.48,1993,9826.86,Norwich,Autumn,2006
Litva,55.17,23.88,1993,7043.2325,Norwich,Autumn,2006
Petergof,59.87,29.92,1993,4304.6,Norwich,Autumn,2006
PHW-1,41.9,12.5,1993,NA,Norwich,Autumn,2006
PHW-2,43.77,11.26,1993,3753.382,Norwich,Autumn,2006
PHW-26,50.67,-3.84,1993,9134.13,Norwich,Autumn,2006
PHW-3,50.94,6.96,1993,NA,Norwich,Autumn,2006
PHW-31,52.4,0.26,1993,5290.684,Norwich,Autumn,2006
Rld-2,56.27,34.33,1993,3929.554,Norwich,Autumn,2006
Rubezhnoe,49.01,38.38,1993,0,Norwich,Autumn,2006
Sha,38.35,68.48,1993,78,Norwich,Autumn,2006
Alc-0,40.48,-3.36,1998,5488.66,Norwich,Autumn,2006
NFC1,51.41,-0.67,1998,8683.22,Norwich,Autumn,2006
NFE1,51.41,-0.67,1998,607.04,Norwich,Autumn,2006
PUZ16 ,49.21,17.7,1998,5366.8,Norwich,Autumn,2006
Bil-7,63.19,18.29,2000,7171.848,Norwich,Autumn,2006
Bor-1,49.12,16.37,2000,5300.97,Norwich,Autumn,2006
Bor-4,49.12,16.37,2000,2196.38,Norwich,Autumn,2006
CIBC-17,51.25,0.41,2000,0,Norwich,Autumn,2006
CIBC-5,51.25,0.41,2000,7247.8,Norwich,Autumn,2006
Eden-1,62.58,17.92,2000,0,Norwich,Autumn,2006
Eden-2,62.58,17.92,2000,9705.748,Norwich,Autumn,2006
Fab-4,63.01,18.19,2000,434.016,Norwich,Autumn,2006
Fei-0,40.93,-8.54,2000,16455.528,Norwich,Autumn,2006
HR-10,51.25,0.41,2000,8314.84,Norwich,Autumn,2006
HR5,51.25,0.41,2000,23715.812,Norwich,Autumn,2006
KZ1,49.5,73.1,2000,1210.076,Norwich,Autumn,2006
KZ9,49.5,73.1,2000,990,Norwich,Autumn,2006
Lov-1,62.58,17.92,2000,3621.84,Norwich,Autumn,2006
N10,61.95,34.2,2000,NA,Norwich,Autumn,2006
N11,62.01,34.07,2000,3600.77,Norwich,Autumn,2006
N13,62.13,34.02,2000,881.42,Norwich,Autumn,2006
N15,62.21,34.26,2000,4738.828,Norwich,Autumn,2006
N17,61.78,34.36,2000,7337.324,Norwich,Autumn,2006
N7,61.9,34.6,2000,1388.78,Norwich,Autumn,2006
N8,61.97,34.56,2000,NA,Norwich,Autumn,2006
NFA-10,51.25,0.41,2000,17193.75,Norwich,Autumn,2006
Omo2-1,56.25,15.25,2000,4134.5,Norwich,Autumn,2006
Omo2-3,56.25,15.25,2000,0,Norwich,Autumn,2006
Ost-0,60.26,18.37,2000,349.16,Norwich,Autumn,2006
Pro-0,43.25,-6.02,2000,3759.856,Norwich,Autumn,2006
Spr1-2,56.32,14.29,2000,2590.842,Norwich,Autumn,2006
Spr1-6,56.32,14.29,2000,2541.62,Norwich,Autumn,2006
Sq-1,51.25,0.41,2000,13216.64,Norwich,Autumn,2006
Sq-8,51.25,0.41,2000,3791.28,Norwich,Autumn,2006
Tamm-2,59.92,23.25,2000,403.92,Norwich,Autumn,2006
Tamm-27,59.92,23.25,2000,7746.075,Norwich,Autumn,2006
Ull2-3,56.09,13.46,2000,5412.868,Norwich,Autumn,2006
Ull2-5,56.09,13.46,2000,1888.133333,Norwich,Autumn,2006
Uod-1,48.07,14.53,2000,6539.78,Norwich,Autumn,2006
Uod-7,48.07,14.53,2000,1279.604,Norwich,Autumn,2006
Var2-1,55.42,14.25,2000,2400.868,Norwich,Autumn,2006
Var2-6,55.42,14.25,2000,5427.433333,Norwich,Autumn,2006
Zdr-1,49.12,16.37,2000,3766,Norwich,Autumn,2006
Zdr-6,49.12,16.37,2000,3293.961,Norwich,Autumn,2006
Bas-1,51.84,79.48,2002,1669.92,Norwich,Autumn,2006
Bas-2,51.82,79.48,2002,1239.84,Norwich,Autumn,2006
Bas-3,51.84,79.46,2002,2441.26,Norwich,Autumn,2006
Cha-1,53.6,79.39,2002,1048.802,Norwich,Autumn,2006
Cha-2,53.6,79.37,2002,2084.45,Norwich,Autumn,2006
Kly-1,51.34,82.57,2002,4475.936,Norwich,Autumn,2006
Kly-2,51.31,82.59,2002,418.46,Norwich,Autumn,2006
Kly-3,51.36,82.59,2002,4544.937,Norwich,Autumn,2006
Kly-4,51.32,82.55,2002,587.82,Norwich,Autumn,2006
Kly-5,51.32,82.55,2002,4253.588,Norwich,Autumn,2006
Kly-6,51.33,82.54,2002,1560.234,Norwich,Autumn,2006
Koz-1,51.35,82.18,2002,1991.61,Norwich,Autumn,2006
Koz-2,51.33,82.19,2002,0,Norwich,Autumn,2006
Koz-3,51.34,82.16,2002,2732.549,Norwich,Autumn,2006
Leb-1,51.65,80.79,2002,1227.65,Norwich,Autumn,2006
Leb-2,51.67,80.82,2002,3202.778,Norwich,Autumn,2006
Leb-3,51.66,80.82,2002,1765.59,Norwich,Autumn,2006
Leb-4,51.63,80.83,2002,1556.26,Norwich,Autumn,2006
Mas-3,54.13,81.31,2002,1883.873,Norwich,Autumn,2006
Nos-1,51.87,80.6,2002,1321.94,Norwich,Autumn,2006
1-Nov,51.75,80.82,2002,446.824,Norwich,Autumn,2006
2-Nov,51.77,80.85,2002,1811.054,Norwich,Autumn,2006
3-Nov,51.73,80.86,2002,639.6,Norwich,Autumn,2006
Rak-2,51.84,80.06,2002,1391.1,Norwich,Autumn,2006
Rak-3,51.84,80.06,2002,766.971,Norwich,Autumn,2006
Sev-1,52.1,79.31,2002,405,Norwich,Autumn,2006
Sij-1/72,41.45,70.05,2002,51.84,Norwich,Autumn,2006
Sij-4/82,41.45,70.05,2002,404.2,Norwich,Autumn,2006
Blh-2,48.29,19.85,NA,131.04,Norwich,Autumn,2006
M3385S,59.33,18.06,NA,1733.048,Norwich,Autumn,2006
Sorbo,38.35,68.48,NA,0,Norwich,Autumn,2006
Utrecht,52.09,5.12,NA,12347.18,Norwich,Autumn,2006
Br-0Ê,49.19,16.61,NA,77,Norwich,Autumn,2006
Cen-0,49.18,-0.36,NA,24.96,Norwich,Autumn,2006
Cha-0,46.03,7.12,NA,2057.16,Norwich,Autumn,2006
Edi-0,55.95,-3.19,NA,163.2,Norwich,Autumn,2006
Ei-2,50.25,6.67,NA,618,Norwich,Autumn,2006
Ei-4 ,50.25,6.67,NA,921.63,Norwich,Autumn,2006
Ei-6 ,50.25,6.67,NA,739.36,Norwich,Autumn,2006
Hi-0,52.22,5.17,NA,4694.7,Norwich,Autumn,2006
Ko-2,55.68,12.57,NA,710.854,Norwich,Autumn,2006
Ko-3,55.3,11.75,NA,3805.572,Norwich,Autumn,2006
Le-0,52.16,4.49,NA,23729.98,Norwich,Autumn,2006
Mh-1,53.52,20.2,NA,2241.47,Norwich,Autumn,2006
Ms-0,55.76,37.62,NA,94.5,Norwich,Autumn,2006
Pf-0,48.55,9.11,NA,5950.6,Norwich,Autumn,2006
Wil-2,54.69,25.28,NA,1774.77,Norwich,Autumn,2006
Ta-0,49.41,14.66,1937,29128.73333,Halle,Autumn,2006
Wa-1,52.23,21.01,1937,6833.123333,Halle,Autumn,2006
Bd-0,52.45,13.28,1939,27825.16,Halle,Autumn,2006
Col-0,52.73,15.24,1939,24618.112,Halle,Autumn,2006
Dr-0,51.1,13.82,1939,47424.74833,Halle,Autumn,2006
Gie-0,50.58,8.65,1939,13450.34,Halle,Autumn,2006
Gr-3,47.07,15.44,1939,21097.796,Halle,Autumn,2006
Gr-6,47.07,15.44,1939,43572.62,Halle,Autumn,2006
In-0,47.26,11.39,1939,19917.46,Halle,Autumn,2006
Is-0,50.48,7.6,1939,24298.075,Halle,Autumn,2006
La-1,52.73,15.24,1939,35927.23833,Halle,Autumn,2006
Ler-1,52.73,15.24,1939,16290.5,Halle,Autumn,2006
Lu-1,55.7,13.19,1939,16454.51,Halle,Autumn,2006
St-0,59.33,18.06,1939,28924.488,Halle,Autumn,2006
Bl-1,44.49,11.35,1940,19779.06,Halle,Autumn,2006
Bs-1,47.56,7.58,1940,49649.06,Halle,Autumn,2006
Bs-5 ,47.56,7.58,1940,29197.012,Halle,Autumn,2006
Bsch-0,50.02,8.67,1940,34472.604,Halle,Autumn,2006
Da-0,49.87,8.65,1940,40096.9,Halle,Autumn,2006
Fr-2,50.12,8.68,1940,34663.46333,Halle,Autumn,2006
Li-2:1 ,50.37,8.12,1940,31249.95333,Halle,Autumn,2006
Si-0,50.87,8.02,1940,34457.52,Halle,Autumn,2006
Vi-0,50.18,8.74,1940,24988.46,Halle,Autumn,2006
Bu-0,50.7,9.72,1941,17360.73667,Halle,Autumn,2006
Ep-0,50.17,8.39,1941,52322.39,Halle,Autumn,2006
Kn-0,54.9,23.89,1942,12611.85,Halle,Autumn,2006
Rsch-0,56.27,34.33,1942,8591.975,Halle,Autumn,2006
Chi-0,53.74,34.74,1943,16624.45,Halle,Autumn,2006
Lm-2,48.01,0.2,1943,47215.53333,Halle,Autumn,2006
Nw-1,50.32,8.41,1943,44116.925,Halle,Autumn,2006
Nw-3 ,50.32,8.41,1943,35490.38667,Halle,Autumn,2006
Rou-0,49.44,1.1,1943,28469.91667,Halle,Autumn,2006
Stw-0,52.97,36.07,1943,10940.38833,Halle,Autumn,2006
Ws-0,53.09,30.91,1943,30725.48667,Halle,Autumn,2006
Li-6:1,50.37,8.12,1944,31587.382,Halle,Autumn,2006
G-0,50.39,8,1947,19898.1,Halle,Autumn,2006
Ga-0,50.3,8,1948,24416.204,Halle,Autumn,2006
Li-10,50.37,8.12,1948,37220.686,Halle,Autumn,2006
Ll-0,41.83,2.89,1948,46250.05,Halle,Autumn,2006
Ll-2 ,41.83,2.89,1948,14247.01667,Halle,Autumn,2006
Loh-0,50.37,8.12,1948,53165.82,Halle,Autumn,2006
Pla-0,41.92,3.08,1948,28064.95,Halle,Autumn,2006
Se-0,41.42,2.25,1948,40665.85167,Halle,Autumn,2006
Sei-0,46.55,11.56,1948,20843.918,Halle,Autumn,2006
Sf-1,42.47,0.53,1948,23469.44333,Halle,Autumn,2006
Sf-2 ,42.47,0.53,1948,13248.03333,Halle,Autumn,2006
Ts-1,41.72,2.93,1948,45435.16667,Halle,Autumn,2006
Ts-5,41.72,2.93,1948,32380.78,Halle,Autumn,2006
Mr-0,44.78,9.77,1952,8687.553333,Halle,Autumn,2006
An-1,51.22,4.42,1954,27544.24667,Halle,Autumn,2006
Bla-1,41.67,2.79,1954,23456.94,Halle,Autumn,2006
Co-2,40.21,-8.43,1954,27674.325,Halle,Autumn,2006
Fe-1,48,7.85,1954,46310.04,Halle,Autumn,2006
Sg-1,48.12,8.33,1954,21196.916,Halle,Autumn,2006
Uk-4,48.03,7.76,1954,42077.218,Halle,Autumn,2006
Ak-1,48.07,7.65,1955,32831.18,Halle,Autumn,2006
Lo-1,47.62,7.66,1955,51456.38667,Halle,Autumn,2006
Mrk-0,47.64,7.59,1955,27660.0125,Halle,Autumn,2006
Set-0,54.07,-2.28,1955,10323.78333,Halle,Autumn,2006
Bla-10Ê,41.67,2.79,1956,17440.204,Halle,Autumn,2006
Gd-1,53.55,10.78,1957,32436.58,Halle,Autumn,2006
Pt-0,53.48,10.61,1957,20840.04333,Halle,Autumn,2006
G-2 ,51.53,9.93,1958,26621.23333,Halle,Autumn,2006
Goettingen-22,51.32,9.55,1959,16893.54,Halle,Autumn,2006
Goettingen-7,51.32,9.55,1959,21006.28,Halle,Autumn,2006
Rennes-1,48.5,-1.41,1959,78917.5175,Halle,Autumn,2006
Aa-0,50.92,9.57,1959,17273.45167,Halle,Autumn,2006
Ba-1,56.54,-4.79,1959,23048.658,Halle,Autumn,2006
Ca-0,50.3,8.27,1959,56663.56667,Halle,Autumn,2006
El-0,51.3,9.97,1959,39025.44667,Halle,Autumn,2006
Hh-0,54.42,9.89,1959,20925.784,Halle,Autumn,2006
Hn-0,51.33,8.27,1959,25238.68,Halle,Autumn,2006
Lan-0,55.67,-3.78,1959,23260.812,Halle,Autumn,2006
Ag-0,45.1,1.93,1960,20760.46667,Halle,Autumn,2006
Et-0,44.64,2.56,1960,30425.87333,Halle,Autumn,2006
Hl-0,52.26,9.63,1960,27735.5,Halle,Autumn,2006
Pn-0,48.07,-2.97,1960,34713.33667,Halle,Autumn,2006
Hl-3 ,51.57,9.9,1961,44410.34,Halle,Autumn,2006
Hs-0,52.91,9.02,1961,60432.972,Halle,Autumn,2006
Ty-0,56.43,-5.24,1961,19927.21,Halle,Autumn,2006
Np-0,52.7,10.98,1963,17986.3,Halle,Autumn,2006
Fi-0,50.5,8.02,1964,8729.072,Halle,Autumn,2006
Me-0,51.92,10.11,1964,77923.64,Halle,Autumn,2006
Nd-1,47.4,8.18,1964,35239.85,Halle,Autumn,2006
Or-0,50.38,8.01,1964,10665.93333,Halle,Autumn,2006
Ove-0,53.54,7.8,1964,19033.56667,Halle,Autumn,2006
Sh-0,51.68,10.21,1964,24163.87333,Halle,Autumn,2006
Wc-2,52.6,10.08,1964,30115.25,Halle,Autumn,2006
Wt-5,52.65,9.84,1964,40227.044,Halle,Autumn,2006
Sue-0,37.18,-3.6,1967,8493.435,Halle,Autumn,2006
Sah-0,38.9,-3.05,1974,13567.9,Halle,Autumn,2006
Mz-0,47.97,7.83,1975,23614.43,Halle,Autumn,2006
Per-1,58,56.24,1975,23039.38333,Halle,Autumn,2006
So-0,61.55,6.33,1975,3589.656667,Halle,Autumn,2006
Bus-0,60.47,8.47,1976,4128.568,Halle,Autumn,2006
Nie-0,50.34,8.43,1976,25441.58333,Halle,Autumn,2006
Hel-1,60.17,24.94,1977,10996.63,Halle,Autumn,2006
Nc-1,48.61,6.25,1977,24597.25,Halle,Autumn,2006
Al-0,55.19,9.01,1978,17372.80333,Halle,Autumn,2006
Eil-0,51.47,12.62,1978,29129.68333,Halle,Autumn,2006
Ge-1,46.2,6.14,1978,29542.8,Halle,Autumn,2006
No-0,51.06,13.3,1978,28437.462,Halle,Autumn,2006
Ob-2,50.2,8.58,1978,41279.06333,Halle,Autumn,2006
Sol-0,55.54,12.18,1978,13315.6625,Halle,Autumn,2006
Ste-0,52.6,11.87,1978,23634.3,Halle,Autumn,2006
Db-0,50.09,8.24,1979,38513.93667,Halle,Autumn,2006
Es-0,60.21,24.65,1979,7120.504,Halle,Autumn,2006
Lip-0,50.14,19.4,1980,32461.65,Halle,Autumn,2006
Bay-0,49.95,11.58,1983,70738.9475,Halle,Autumn,2006
Mnz-0,50,8.27,1984,28216.048,Halle,Autumn,2006
Dra-0,49.42,16.27,1987,28532.675,Halle,Autumn,2006
Jm-0,49.07,16.25,1987,16584.226,Halle,Autumn,2006
Ang-0,50.62,5.6,1987,31020.65,Halle,Autumn,2006
Cit-0,43.38,2.54,1987,15408.702,Halle,Autumn,2006
Gy-0,46.52,1.38,1987,38696.73667,Halle,Autumn,2006
Lz-0,45.83,3.38,1987,37371.68,Halle,Autumn,2006
Ra-0,46.02,3.35,1987,43236.174,Halle,Autumn,2006
Nok-3,52.23,4.45,1989,42156.5,Halle,Autumn,2006
Arby-1,59.38,16.52,1990,8490.573333,Halle,Autumn,2006
Benk-1,52,5.68,1990,27459.61667,Halle,Autumn,2006
Chat-1,48.07,1.33,1990,33630.66,Halle,Autumn,2006
Ema-1,51.28,0.45,1990,15517.00333,Halle,Autumn,2006
Eri-1,56.44,15.36,1990,17922.62,Halle,Autumn,2006
Lp2-2,49.22,16.39,1990,17895.716,Halle,Autumn,2006
Lp2-6,49.22,16.39,1990,31028.30333,Halle,Autumn,2006
Pu2-23,49.42,16.42,1990,17761.676,Halle,Autumn,2006
Pu2-7,49.42,16.42,1990,22368.895,Halle,Autumn,2006
Rak-2,49.04,16.31,1990,27845.44667,Halle,Autumn,2006
Rome-1,41.9,12.48,1990,27487.03333,Halle,Autumn,2006
Sap-0,49.81,14.4,1990,17642.04,Halle,Autumn,2006
Ting-1,56.52,14.98,1990,12238.6,Halle,Autumn,2006
Wei-0,47.42,8.43,1990,15863.3,Halle,Autumn,2006
Wei-1,47.42,8.43,1990,59432.46667,Halle,Autumn,2006
Zu-0,47.37,8.54,1990,9479.165,Halle,Autumn,2006
Zu-1,47.37,8.54,1990,28738.76667,Halle,Autumn,2006
Abd-0,57.15,-2.22,1993,8821.66,Halle,Autumn,2006
C24,40.21,-8.43,1993,14421.375,Halle,Autumn,2006
Jl-5,49.31,16.61,1993,22032.54,Halle,Autumn,2006
Ka-0,46.72,14.18,1993,20469.014,Halle,Autumn,2006
Kondara,38.35,68.48,1993,14519.61667,Halle,Autumn,2006
Litva,55.17,23.88,1993,36809.14167,Halle,Autumn,2006
Petergof,59.87,29.92,1993,50481.73,Halle,Autumn,2006
PHW-1,41.9,12.5,1993,21745.9425,Halle,Autumn,2006
PHW-2,43.77,11.26,1993,38372.67,Halle,Autumn,2006
PHW-26,50.67,-3.84,1993,30935.91667,Halle,Autumn,2006
PHW-3,50.94,6.96,1993,31946.74,Halle,Autumn,2006
PHW-31,52.4,0.26,1993,8926.9125,Halle,Autumn,2006
Rld-2,56.27,34.33,1993,48355.1275,Halle,Autumn,2006
Rubezhnoe,49.01,38.38,1993,8811.7475,Halle,Autumn,2006
Sha,38.35,68.48,1993,8489.4,Halle,Autumn,2006
Alc-0,40.48,-3.36,1998,16782.2125,Halle,Autumn,2006
NFC1,51.41,-0.67,1998,14613.18333,Halle,Autumn,2006
NFE1,51.41,-0.67,1998,10700.49,Halle,Autumn,2006
PUZ16 ,49.21,17.7,1998,14840.12,Halle,Autumn,2006
Bil-7,63.19,18.29,2000,5139.965,Halle,Autumn,2006
Bor-1,49.12,16.37,2000,41430.70333,Halle,Autumn,2006
Bor-4,49.12,16.37,2000,27844.7,Halle,Autumn,2006
CIBC-17,51.25,0.41,2000,22769.36,Halle,Autumn,2006
CIBC-5,51.25,0.41,2000,19145.016,Halle,Autumn,2006
Eden-1,62.58,17.92,2000,12928.425,Halle,Autumn,2006
Eden-2,62.58,17.92,2000,8822.325,Halle,Autumn,2006
Fab-4,63.01,18.19,2000,1966.5,Halle,Autumn,2006
Fei-0,40.93,-8.54,2000,51326.49333,Halle,Autumn,2006
HR-10,51.25,0.41,2000,23945.55667,Halle,Autumn,2006
HR5,51.25,0.41,2000,30975.18,Halle,Autumn,2006
KZ1,49.5,73.1,2000,20723.7,Halle,Autumn,2006
KZ9,49.5,73.1,2000,16475.65333,Halle,Autumn,2006
Lov-1,62.58,17.92,2000,13714.862,Halle,Autumn,2006
N10,61.95,34.2,2000,5956.1,Halle,Autumn,2006
N11,62.01,34.07,2000,34595.2,Halle,Autumn,2006
N13,62.13,34.02,2000,25608.06667,Halle,Autumn,2006
N15,62.21,34.26,2000,8986.06,Halle,Autumn,2006
N17,61.78,34.36,2000,14288.91667,Halle,Autumn,2006
N7,61.9,34.6,2000,15277.88,Halle,Autumn,2006
N8,61.97,34.56,2000,18400.56167,Halle,Autumn,2006
NFA-10,51.25,0.41,2000,22305.69833,Halle,Autumn,2006
Omo2-1,56.25,15.25,2000,12323.954,Halle,Autumn,2006
Omo2-3,56.25,15.25,2000,25422.655,Halle,Autumn,2006
Ost-0,60.26,18.37,2000,8715.123333,Halle,Autumn,2006
Pro-0,43.25,-6.02,2000,28111.73333,Halle,Autumn,2006
Spr1-2,56.32,14.29,2000,13950.35,Halle,Autumn,2006
Spr1-6,56.32,14.29,2000,6093.536,Halle,Autumn,2006
Sq-1,51.25,0.41,2000,11188.68,Halle,Autumn,2006
Sq-8,51.25,0.41,2000,31536.612,Halle,Autumn,2006
Tamm-2,59.92,23.25,2000,17380,Halle,Autumn,2006
Tamm-27,59.92,23.25,2000,18607.17333,Halle,Autumn,2006
Ull2-3,56.09,13.46,2000,28565.28,Halle,Autumn,2006
Ull2-5,56.09,13.46,2000,10327.1575,Halle,Autumn,2006
Uod-1,48.07,14.53,2000,27440.35833,Halle,Autumn,2006
Uod-7,48.07,14.53,2000,28502.31667,Halle,Autumn,2006
Var2-1,55.42,14.25,2000,6430.666,Halle,Autumn,2006
Var2-6,55.42,14.25,2000,2802.093333,Halle,Autumn,2006
Zdr-1,49.12,16.37,2000,34290.965,Halle,Autumn,2006
Zdr-6,49.12,16.37,2000,12665.83,Halle,Autumn,2006
Bas-1,51.84,79.48,2002,9865.8,Halle,Autumn,2006
Bas-2,51.82,79.48,2002,14354.874,Halle,Autumn,2006
Bas-3,51.84,79.46,2002,17183.8,Halle,Autumn,2006
Cha-1,53.6,79.39,2002,3587.878,Halle,Autumn,2006
Cha-2,53.6,79.37,2002,10668.57,Halle,Autumn,2006
Kly-1,51.34,82.57,2002,7136.233333,Halle,Autumn,2006
Kly-2,51.31,82.59,2002,5860.165,Halle,Autumn,2006
Kly-3,51.36,82.59,2002,14844.56,Halle,Autumn,2006
Kly-4,51.32,82.55,2002,19008.96,Halle,Autumn,2006
Kly-5,51.32,82.55,2002,14665.09333,Halle,Autumn,2006
Kly-6,51.33,82.54,2002,17139.54,Halle,Autumn,2006
Koz-1,51.35,82.18,2002,15675.76333,Halle,Autumn,2006
Koz-2,51.33,82.19,2002,15740.33667,Halle,Autumn,2006
Koz-3,51.34,82.16,2002,14989.63,Halle,Autumn,2006
Leb-1,51.65,80.79,2002,11065.16,Halle,Autumn,2006
Leb-2,51.67,80.82,2002,9716.1775,Halle,Autumn,2006
Leb-3,51.66,80.82,2002,31898.16,Halle,Autumn,2006
Leb-4,51.63,80.83,2002,12561.93667,Halle,Autumn,2006
Mas-3,54.13,81.31,2002,14715.39833,Halle,Autumn,2006
Nos-1,51.87,80.6,2002,16815.565,Halle,Autumn,2006
1-Nov,51.75,80.82,2002,19702.85,Halle,Autumn,2006
2-Nov,51.77,80.85,2002,12906.2,Halle,Autumn,2006
3-Nov,51.73,80.86,2002,3595.606667,Halle,Autumn,2006
Rak-2,51.84,80.06,2002,7329.5,Halle,Autumn,2006
Rak-3,51.84,80.06,2002,12620.43333,Halle,Autumn,2006
Sev-1,52.1,79.31,2002,19384.845,Halle,Autumn,2006
Sij-1/72,41.45,70.05,2002,15980.275,Halle,Autumn,2006
Sij-4/82,41.45,70.05,2002,21448.87333,Halle,Autumn,2006
Blh-2,48.29,19.85,NA,16783.98,Halle,Autumn,2006
M3385S,59.33,18.06,NA,8053.663333,Halle,Autumn,2006
Sorbo,38.35,68.48,NA,17263.08333,Halle,Autumn,2006
Utrecht,52.09,5.12,NA,27280.55333,Halle,Autumn,2006
Br-0Ê,49.19,16.61,NA,48743.07333,Halle,Autumn,2006
Cen-0,49.18,-0.36,NA,20534.655,Halle,Autumn,2006
Cha-0,46.03,7.12,NA,6580.6525,Halle,Autumn,2006
Edi-0,55.95,-3.19,NA,42989.31,Halle,Autumn,2006
Ei-2,50.25,6.67,NA,21328.85,Halle,Autumn,2006
Ei-4 ,50.25,6.67,NA,13288.76,Halle,Autumn,2006
Ei-6 ,50.25,6.67,NA,38148.1,Halle,Autumn,2006
Hi-0,52.22,5.17,NA,36593.46,Halle,Autumn,2006
Ko-2,55.68,12.57,NA,7026.075,Halle,Autumn,2006
Ko-3,55.3,11.75,NA,13368.17333,Halle,Autumn,2006
Le-0,52.16,4.49,NA,45187.1825,Halle,Autumn,2006
Mh-1,53.52,20.2,NA,29232.56,Halle,Autumn,2006
Ms-0,55.76,37.62,NA,11257.44,Halle,Autumn,2006
Pf-0,48.55,9.11,NA,25071.53667,Halle,Autumn,2006
Wil-2,54.69,25.28,NA,14609.98,Halle,Autumn,2006
Ta-0,49.41,14.66,1937,3709.125,Valencia,Autumn,2006
Wa-1,52.23,21.01,1937,8689.2,Valencia,Autumn,2006
Bd-0,52.45,13.28,1939,1034.666667,Valencia,Autumn,2006
Col-0,52.73,15.24,1939,8588.98,Valencia,Autumn,2006
Dr-0,51.1,13.82,1939,7082.375,Valencia,Autumn,2006
Gie-0,50.58,8.65,1939,1849.408,Valencia,Autumn,2006
Gr-3,47.07,15.44,1939,8239.575,Valencia,Autumn,2006
Gr-6,47.07,15.44,1939,5933.3,Valencia,Autumn,2006
In-0,47.26,11.39,1939,4336.83,Valencia,Autumn,2006
Is-0,50.48,7.6,1939,9413.266667,Valencia,Autumn,2006
La-1,52.73,15.24,1939,14780.08,Valencia,Autumn,2006
Ler-1,52.73,15.24,1939,8801,Valencia,Autumn,2006
Lu-1,55.7,13.19,1939,0,Valencia,Autumn,2006
St-0,59.33,18.06,1939,1983.282,Valencia,Autumn,2006
Bl-1,44.49,11.35,1940,11069.66667,Valencia,Autumn,2006
Bs-1,47.56,7.58,1940,20841.8,Valencia,Autumn,2006
Bs-5 ,47.56,7.58,1940,6047.24,Valencia,Autumn,2006
Bsch-0,50.02,8.67,1940,18477.68,Valencia,Autumn,2006
Da-0,49.87,8.65,1940,2984.32,Valencia,Autumn,2006
Fr-2,50.12,8.68,1940,10607.426,Valencia,Autumn,2006
Li-2:1 ,50.37,8.12,1940,5123.8625,Valencia,Autumn,2006
Si-0,50.87,8.02,1940,8326.6,Valencia,Autumn,2006
Vi-0,50.18,8.74,1940,10920.165,Valencia,Autumn,2006
Bu-0,50.7,9.72,1941,218.816,Valencia,Autumn,2006
Ep-0,50.17,8.39,1941,6254.675,Valencia,Autumn,2006
Kn-0,54.9,23.89,1942,3856.666667,Valencia,Autumn,2006
Rsch-0,56.27,34.33,1942,10777.566,Valencia,Autumn,2006
Chi-0,53.74,34.74,1943,8046.624,Valencia,Autumn,2006
Lm-2,48.01,0.2,1943,11908.494,Valencia,Autumn,2006
Nw-1,50.32,8.41,1943,6162.52,Valencia,Autumn,2006
Nw-3 ,50.32,8.41,1943,4164.3,Valencia,Autumn,2006
Rou-0,49.44,1.1,1943,4297.62,Valencia,Autumn,2006
Stw-0,52.97,36.07,1943,16378.36667,Valencia,Autumn,2006
Ws-0,53.09,30.91,1943,16661.675,Valencia,Autumn,2006
Li-6:1,50.37,8.12,1944,6594.5,Valencia,Autumn,2006
G-0,50.39,8,1947,13717.1375,Valencia,Autumn,2006
Ga-0,50.3,8,1948,7422.125,Valencia,Autumn,2006
Li-10,50.37,8.12,1948,1583.3,Valencia,Autumn,2006
Ll-0,41.83,2.89,1948,10895.44,Valencia,Autumn,2006
Ll-2 ,41.83,2.89,1948,12777.6,Valencia,Autumn,2006
Loh-0,50.37,8.12,1948,4545.483333,Valencia,Autumn,2006
Pla-0,41.92,3.08,1948,17876.16,Valencia,Autumn,2006
Se-0,41.42,2.25,1948,3709.785,Valencia,Autumn,2006
Sei-0,46.55,11.56,1948,7152.35,Valencia,Autumn,2006
Sf-1,42.47,0.53,1948,16935.96,Valencia,Autumn,2006
Sf-2 ,42.47,0.53,1948,6536.775,Valencia,Autumn,2006
Ts-1,41.72,2.93,1948,18105.48,Valencia,Autumn,2006
Ts-5,41.72,2.93,1948,10067.35,Valencia,Autumn,2006
Mr-0,44.78,9.77,1952,705.5,Valencia,Autumn,2006
An-1,51.22,4.42,1954,7966.625,Valencia,Autumn,2006
Bla-1,41.67,2.79,1954,8144.5,Valencia,Autumn,2006
Co-2,40.21,-8.43,1954,26418,Valencia,Autumn,2006
Fe-1,48,7.85,1954,5734.0775,Valencia,Autumn,2006
Sg-1,48.12,8.33,1954,9789.6175,Valencia,Autumn,2006
Uk-4,48.03,7.76,1954,7754.5,Valencia,Autumn,2006
Ak-1,48.07,7.65,1955,5118.075,Valencia,Autumn,2006
Lo-1,47.62,7.66,1955,18952.55,Valencia,Autumn,2006
Mrk-0,47.64,7.59,1955,6184.44,Valencia,Autumn,2006
Set-0,54.07,-2.28,1955,461.425,Valencia,Autumn,2006
Bla-10Ê,41.67,2.79,1956,9922.055,Valencia,Autumn,2006
Gd-1,53.55,10.78,1957,10029.85,Valencia,Autumn,2006
Pt-0,53.48,10.61,1957,3457.56,Valencia,Autumn,2006
G-2 ,51.53,9.93,1958,8354.125,Valencia,Autumn,2006
Goettingen-22,51.32,9.55,1959,4964.8375,Valencia,Autumn,2006
Goettingen-7,51.32,9.55,1959,4751.5,Valencia,Autumn,2006
Rennes-1,48.5,-1.41,1959,4416,Valencia,Autumn,2006
Aa-0,50.92,9.57,1959,7162.82,Valencia,Autumn,2006
Ba-1,56.54,-4.79,1959,5585.2,Valencia,Autumn,2006
Ca-0,50.3,8.27,1959,14142.06,Valencia,Autumn,2006
El-0,51.3,9.97,1959,14671.24333,Valencia,Autumn,2006
Hh-0,54.42,9.89,1959,5710.7,Valencia,Autumn,2006
Hn-0,51.33,8.27,1959,22788.58,Valencia,Autumn,2006
Lan-0,55.67,-3.78,1959,14842.25,Valencia,Autumn,2006
Ag-0,45.1,1.93,1960,5476.95,Valencia,Autumn,2006
Et-0,44.64,2.56,1960,1410.345,Valencia,Autumn,2006
Hl-0,52.26,9.63,1960,11124.98,Valencia,Autumn,2006
Pn-0,48.07,-2.97,1960,7628.94,Valencia,Autumn,2006
Hl-3 ,51.57,9.9,1961,23243.18,Valencia,Autumn,2006
Hs-0,52.91,9.02,1961,1725.64,Valencia,Autumn,2006
Ty-0,56.43,-5.24,1961,2824.84,Valencia,Autumn,2006
Np-0,52.7,10.98,1963,7765.5625,Valencia,Autumn,2006
Fi-0,50.5,8.02,1964,3038.125,Valencia,Autumn,2006
Me-0,51.92,10.11,1964,5616.6,Valencia,Autumn,2006
Nd-1,47.4,8.18,1964,12305.5,Valencia,Autumn,2006
Or-0,50.38,8.01,1964,370.7,Valencia,Autumn,2006
Ove-0,53.54,7.8,1964,2769.833333,Valencia,Autumn,2006
Sh-0,51.68,10.21,1964,7840,Valencia,Autumn,2006
Wc-2,52.6,10.08,1964,1680.35,Valencia,Autumn,2006
Wt-5,52.65,9.84,1964,4284.6125,Valencia,Autumn,2006
Sue-0,37.18,-3.6,1967,6003.7,Valencia,Autumn,2006
Sah-0,38.9,-3.05,1974,6167.465,Valencia,Autumn,2006
Mz-0,47.97,7.83,1975,3711.34,Valencia,Autumn,2006
Per-1,58,56.24,1975,0,Valencia,Autumn,2006
So-0,61.55,6.33,1975,5908.05,Valencia,Autumn,2006
Bus-0,60.47,8.47,1976,5873.016667,Valencia,Autumn,2006
Nie-0,50.34,8.43,1976,14510.35,Valencia,Autumn,2006
Hel-1,60.17,24.94,1977,2760,Valencia,Autumn,2006
Nc-1,48.61,6.25,1977,11234.22,Valencia,Autumn,2006
Al-0,55.19,9.01,1978,2113.315,Valencia,Autumn,2006
Eil-0,51.47,12.62,1978,6115.164,Valencia,Autumn,2006
Ge-1,46.2,6.14,1978,7314.72,Valencia,Autumn,2006
No-0,51.06,13.3,1978,3894,Valencia,Autumn,2006
Ob-2,50.2,8.58,1978,7649.146,Valencia,Autumn,2006
Sol-0,55.54,12.18,1978,1122,Valencia,Autumn,2006
Ste-0,52.6,11.87,1978,5002.98,Valencia,Autumn,2006
Db-0,50.09,8.24,1979,12954.708,Valencia,Autumn,2006
Es-0,60.21,24.65,1979,6774.8775,Valencia,Autumn,2006
Lip-0,50.14,19.4,1980,6876.725,Valencia,Autumn,2006
Bay-0,49.95,11.58,1983,10219.075,Valencia,Autumn,2006
Mnz-0,50,8.27,1984,12004.484,Valencia,Autumn,2006
Dra-0,49.42,16.27,1987,13406.852,Valencia,Autumn,2006
Jm-0,49.07,16.25,1987,1556,Valencia,Autumn,2006
Ang-0,50.62,5.6,1987,24757.06667,Valencia,Autumn,2006
Cit-0,43.38,2.54,1987,4176.888,Valencia,Autumn,2006
Gy-0,46.52,1.38,1987,15193.08,Valencia,Autumn,2006
Lz-0,45.83,3.38,1987,3635.25,Valencia,Autumn,2006
Ra-0,46.02,3.35,1987,246,Valencia,Autumn,2006
Nok-3,52.23,4.45,1989,3326.68,Valencia,Autumn,2006
Arby-1,59.38,16.52,1990,5346.48,Valencia,Autumn,2006
Benk-1,52,5.68,1990,7089.6,Valencia,Autumn,2006
Chat-1,48.07,1.33,1990,19342.048,Valencia,Autumn,2006
Ema-1,51.28,0.45,1990,3476.55,Valencia,Autumn,2006
Eri-1,56.44,15.36,1990,13950.896,Valencia,Autumn,2006
Lp2-2,49.22,16.39,1990,5052.494,Valencia,Autumn,2006
Lp2-6,49.22,16.39,1990,5835.5,Valencia,Autumn,2006
Pu2-23,49.42,16.42,1990,14902.58,Valencia,Autumn,2006
Pu2-7,49.42,16.42,1990,16015.89,Valencia,Autumn,2006
Rak-2,49.04,16.31,1990,7654.366,Valencia,Autumn,2006
Rome-1,41.9,12.48,1990,15263.625,Valencia,Autumn,2006
Sap-0,49.81,14.4,1990,15961.6,Valencia,Autumn,2006
Ting-1,56.52,14.98,1990,3558.8675,Valencia,Autumn,2006
Wei-0,47.42,8.43,1990,2981.58,Valencia,Autumn,2006
Wei-1,47.42,8.43,1990,15430.9,Valencia,Autumn,2006
Zu-0,47.37,8.54,1990,896.6666667,Valencia,Autumn,2006
Zu-1,47.37,8.54,1990,12244.55,Valencia,Autumn,2006
Abd-0,57.15,-2.22,1993,10936.98667,Valencia,Autumn,2006
C24,40.21,-8.43,1993,10341.872,Valencia,Autumn,2006
Jl-5,49.31,16.61,1993,5028.16,Valencia,Autumn,2006
Ka-0,46.72,14.18,1993,7922.12,Valencia,Autumn,2006
Kondara,38.35,68.48,1993,4690.92,Valencia,Autumn,2006
Litva,55.17,23.88,1993,10382.53,Valencia,Autumn,2006
Petergof,59.87,29.92,1993,3836.575,Valencia,Autumn,2006
PHW-1,41.9,12.5,1993,12195.946,Valencia,Autumn,2006
PHW-2,43.77,11.26,1993,11633.884,Valencia,Autumn,2006
PHW-26,50.67,-3.84,1993,3505.6,Valencia,Autumn,2006
PHW-3,50.94,6.96,1993,8462.1375,Valencia,Autumn,2006
PHW-31,52.4,0.26,1993,3860,Valencia,Autumn,2006
Rld-2,56.27,34.33,1993,10762.728,Valencia,Autumn,2006
Rubezhnoe,49.01,38.38,1993,4269.75,Valencia,Autumn,2006
Sha,38.35,68.48,1993,12427.9325,Valencia,Autumn,2006
Alc-0,40.48,-3.36,1998,16578.60667,Valencia,Autumn,2006
NFC1,51.41,-0.67,1998,7096.175,Valencia,Autumn,2006
NFE1,51.41,-0.67,1998,4453.9875,Valencia,Autumn,2006
PUZ16 ,49.21,17.7,1998,8813.408,Valencia,Autumn,2006
Bil-7,63.19,18.29,2000,640.78,Valencia,Autumn,2006
Bor-1,49.12,16.37,2000,11818.824,Valencia,Autumn,2006
Bor-4,49.12,16.37,2000,8748.215,Valencia,Autumn,2006
CIBC-17,51.25,0.41,2000,14398.8,Valencia,Autumn,2006
CIBC-5,51.25,0.41,2000,7464.135,Valencia,Autumn,2006
Eden-1,62.58,17.92,2000,2662.55,Valencia,Autumn,2006
Eden-2,62.58,17.92,2000,538.975,Valencia,Autumn,2006
Fab-4,63.01,18.19,2000,48,Valencia,Autumn,2006
Fei-0,40.93,-8.54,2000,11770.23333,Valencia,Autumn,2006
HR-10,51.25,0.41,2000,7508.55,Valencia,Autumn,2006
HR5,51.25,0.41,2000,11143.325,Valencia,Autumn,2006
KZ1,49.5,73.1,2000,5234.118,Valencia,Autumn,2006
KZ9,49.5,73.1,2000,4290,Valencia,Autumn,2006
Lov-1,62.58,17.92,2000,4312.575,Valencia,Autumn,2006
N10,61.95,34.2,2000,6566,Valencia,Autumn,2006
N11,62.01,34.07,2000,8715.4,Valencia,Autumn,2006
N13,62.13,34.02,2000,12621.13,Valencia,Autumn,2006
N15,62.21,34.26,2000,1371.96,Valencia,Autumn,2006
N17,61.78,34.36,2000,7334.28,Valencia,Autumn,2006
N7,61.9,34.6,2000,11479.796,Valencia,Autumn,2006
N8,61.97,34.56,2000,10988.45,Valencia,Autumn,2006
NFA-10,51.25,0.41,2000,3111.563333,Valencia,Autumn,2006
Omo2-1,56.25,15.25,2000,1151.333333,Valencia,Autumn,2006
Omo2-3,56.25,15.25,2000,3346.864,Valencia,Autumn,2006
Ost-0,60.26,18.37,2000,7716.74,Valencia,Autumn,2006
Pro-0,43.25,-6.02,2000,13965,Valencia,Autumn,2006
Spr1-2,56.32,14.29,2000,3076.43,Valencia,Autumn,2006
Spr1-6,56.32,14.29,2000,7312.145,Valencia,Autumn,2006
Sq-1,51.25,0.41,2000,3792.616,Valencia,Autumn,2006
Sq-8,51.25,0.41,2000,7414.3775,Valencia,Autumn,2006
Tamm-2,59.92,23.25,2000,8280.5,Valencia,Autumn,2006
Tamm-27,59.92,23.25,2000,1997.4,Valencia,Autumn,2006
Ull2-3,56.09,13.46,2000,8643.68,Valencia,Autumn,2006
Ull2-5,56.09,13.46,2000,2311.986667,Valencia,Autumn,2006
Uod-1,48.07,14.53,2000,0,Valencia,Autumn,2006
Uod-7,48.07,14.53,2000,2873.05,Valencia,Autumn,2006
Var2-1,55.42,14.25,2000,775.28,Valencia,Autumn,2006
Var2-6,55.42,14.25,2000,361.55,Valencia,Autumn,2006
Zdr-1,49.12,16.37,2000,4152.29,Valencia,Autumn,2006
Zdr-6,49.12,16.37,2000,12967.9025,Valencia,Autumn,2006
Bas-1,51.84,79.48,2002,9264.42,Valencia,Autumn,2006
Bas-2,51.82,79.48,2002,15118.1,Valencia,Autumn,2006
Bas-3,51.84,79.46,2002,7430.26,Valencia,Autumn,2006
Cha-1,53.6,79.39,2002,3863.766667,Valencia,Autumn,2006
Cha-2,53.6,79.37,2002,1536.825,Valencia,Autumn,2006
Kly-1,51.34,82.57,2002,39.65,Valencia,Autumn,2006
Kly-2,51.31,82.59,2002,1792.68,Valencia,Autumn,2006
Kly-3,51.36,82.59,2002,3279.635,Valencia,Autumn,2006
Kly-4,51.32,82.55,2002,6449.333333,Valencia,Autumn,2006
Kly-5,51.32,82.55,2002,0,Valencia,Autumn,2006
Kly-6,51.33,82.54,2002,0,Valencia,Autumn,2006
Koz-1,51.35,82.18,2002,17806.425,Valencia,Autumn,2006
Koz-2,51.33,82.19,2002,5910.766667,Valencia,Autumn,2006
Koz-3,51.34,82.16,2002,6540.75,Valencia,Autumn,2006
Leb-1,51.65,80.79,2002,6224.1,Valencia,Autumn,2006
Leb-2,51.67,80.82,2002,4053.48,Valencia,Autumn,2006
Leb-3,51.66,80.82,2002,13248.35,Valencia,Autumn,2006
Leb-4,51.63,80.83,2002,4244.08,Valencia,Autumn,2006
Mas-3,54.13,81.31,2002,3248.4,Valencia,Autumn,2006
Nos-1,51.87,80.6,2002,11023.15,Valencia,Autumn,2006
1-Nov,51.75,80.82,2002,7551,Valencia,Autumn,2006
2-Nov,51.77,80.85,2002,4313.9,Valencia,Autumn,2006
3-Nov,51.73,80.86,2002,1667.38,Valencia,Autumn,2006
Rak-2,51.84,80.06,2002,4065.796,Valencia,Autumn,2006
Rak-3,51.84,80.06,2002,4367.05,Valencia,Autumn,2006
Sev-1,52.1,79.31,2002,10456.125,Valencia,Autumn,2006
Sij-1/72,41.45,70.05,2002,7272.9875,Valencia,Autumn,2006
Sij-4/82,41.45,70.05,2002,2614.44,Valencia,Autumn,2006
Blh-2,48.29,19.85,NA,5797.34,Valencia,Autumn,2006
M3385S,59.33,18.06,NA,850.2666667,Valencia,Autumn,2006
Sorbo,38.35,68.48,NA,5342.655,Valencia,Autumn,2006
Utrecht,52.09,5.12,NA,5489.653333,Valencia,Autumn,2006
Br-0Ê,49.19,16.61,NA,7512.3125,Valencia,Autumn,2006
Cen-0,49.18,-0.36,NA,7296.204,Valencia,Autumn,2006
Cha-0,46.03,7.12,NA,7627.68,Valencia,Autumn,2006
Edi-0,55.95,-3.19,NA,8461.98,Valencia,Autumn,2006
Ei-2,50.25,6.67,NA,9393,Valencia,Autumn,2006
Ei-4 ,50.25,6.67,NA,3919.6,Valencia,Autumn,2006
Ei-6 ,50.25,6.67,NA,6285.25,Valencia,Autumn,2006
Hi-0,52.22,5.17,NA,4418.08,Valencia,Autumn,2006
Ko-2,55.68,12.57,NA,2324.6,Valencia,Autumn,2006
Ko-3,55.3,11.75,NA,2816.908,Valencia,Autumn,2006
Le-0,52.16,4.49,NA,10282.545,Valencia,Autumn,2006
Mh-1,53.52,20.2,NA,12040.61333,Valencia,Autumn,2006
Ms-0,55.76,37.62,NA,6889.8,Valencia,Autumn,2006
Pf-0,48.55,9.11,NA,10824.94,Valencia,Autumn,2006
Wil-2,54.69,25.28,NA,2492.9,Valencia,Autumn,2006
Ta-0,49.41,14.66,1937,3806.585714,Norwich,Spring,2006
Wa-1,52.23,21.01,1937,3796.6,Norwich,Spring,2006
Bd-0,52.45,13.28,1939,5066.945714,Norwich,Spring,2006
Col-0,52.73,15.24,1939,3967.485714,Norwich,Spring,2006
Dr-0,51.1,13.82,1939,4594.794286,Norwich,Spring,2006
Gie-0,50.58,8.65,1939,4587.863333,Norwich,Spring,2006
Gr-3,47.07,15.44,1939,4149.214286,Norwich,Spring,2006
Gr-6,47.07,15.44,1939,4319.928571,Norwich,Spring,2006
In-0,47.26,11.39,1939,5354.228571,Norwich,Spring,2006
Is-0,50.48,7.6,1939,4417.728571,Norwich,Spring,2006
La-1,52.73,15.24,1939,4246.075,Norwich,Spring,2006
Ler-1,52.73,15.24,1939,2671.942857,Norwich,Spring,2006
Lu-1,55.7,13.19,1939,2898.933333,Norwich,Spring,2006
St-0,59.33,18.06,1939,5702.792857,Norwich,Spring,2006
Bl-1,44.49,11.35,1940,4369.07,Norwich,Spring,2006
Bs-1,47.56,7.58,1940,7592.32,Norwich,Spring,2006
Bs-5 ,47.56,7.58,1940,6698.802857,Norwich,Spring,2006
Bsch-0,50.02,8.67,1940,6224.531667,Norwich,Spring,2006
Da-0,49.87,8.65,1940,9402.428571,Norwich,Spring,2006
Fr-2,50.12,8.68,1940,6476.68,Norwich,Spring,2006
Li-2:1 ,50.37,8.12,1940,4078.24,Norwich,Spring,2006
Si-0,50.87,8.02,1940,8553.04,Norwich,Spring,2006
Vi-0,50.18,8.74,1940,5516.074286,Norwich,Spring,2006
Bu-0,50.7,9.72,1941,2565.951429,Norwich,Spring,2006
Ep-0,50.17,8.39,1941,10717.47714,Norwich,Spring,2006
Kn-0,54.9,23.89,1942,6510.85,Norwich,Spring,2006
Rsch-0,56.27,34.33,1942,4975.028571,Norwich,Spring,2006
Chi-0,53.74,34.74,1943,1906.983333,Norwich,Spring,2006
Lm-2,48.01,0.2,1943,8193.822857,Norwich,Spring,2006
Nw-1,50.32,8.41,1943,6103.092857,Norwich,Spring,2006
Nw-3 ,50.32,8.41,1943,5989.661429,Norwich,Spring,2006
Rou-0,49.44,1.1,1943,6268.63,Norwich,Spring,2006
Stw-0,52.97,36.07,1943,3326.401429,Norwich,Spring,2006
Ws-0,53.09,30.91,1943,3390.98,Norwich,Spring,2006
Li-6:1,50.37,8.12,1944,3765.707143,Norwich,Spring,2006
G-0,50.39,8,1947,6356.58,Norwich,Spring,2006
Ga-0,50.3,8,1948,3673.78,Norwich,Spring,2006
Li-10,50.37,8.12,1948,2429.392857,Norwich,Spring,2006
Ll-0,41.83,2.89,1948,6726.957143,Norwich,Spring,2006
Ll-2 ,41.83,2.89,1948,9134.622857,Norwich,Spring,2006
Loh-0,50.37,8.12,1948,8833.471429,Norwich,Spring,2006
Pla-0,41.92,3.08,1948,4038.142857,Norwich,Spring,2006
Se-0,41.42,2.25,1948,6618.614286,Norwich,Spring,2006
Sei-0,46.55,11.56,1948,5405.485714,Norwich,Spring,2006
Sf-1,42.47,0.53,1948,7244.457143,Norwich,Spring,2006
Sf-2 ,42.47,0.53,1948,4988.285714,Norwich,Spring,2006
Ts-1,41.72,2.93,1948,6996.357143,Norwich,Spring,2006
Ts-5,41.72,2.93,1948,4268.125714,Norwich,Spring,2006
Mr-0,44.78,9.77,1952,1129.68,Norwich,Spring,2006
An-1,51.22,4.42,1954,9198.765714,Norwich,Spring,2006
Bla-1,41.67,2.79,1954,3321.68,Norwich,Spring,2006
Co-2,40.21,-8.43,1954,4984.385714,Norwich,Spring,2006
Fe-1,48,7.85,1954,6632.914286,Norwich,Spring,2006
Sg-1,48.12,8.33,1954,3988.694286,Norwich,Spring,2006
Uk-4,48.03,7.76,1954,4593.822857,Norwich,Spring,2006
Ak-1,48.07,7.65,1955,6626.271429,Norwich,Spring,2006
Lo-1,47.62,7.66,1955,6418.242857,Norwich,Spring,2006
Mrk-0,47.64,7.59,1955,6391.345714,Norwich,Spring,2006
Set-0,54.07,-2.28,1955,NA,Norwich,Spring,2006
Bla-10Ê,41.67,2.79,1956,7709.171429,Norwich,Spring,2006
Gd-1,53.55,10.78,1957,3693.9,Norwich,Spring,2006
Pt-0,53.48,10.61,1957,4114.874286,Norwich,Spring,2006
G-2 ,51.53,9.93,1958,7264.251429,Norwich,Spring,2006
Goettingen-22,51.32,9.55,1959,1123.471429,Norwich,Spring,2006
Goettingen-7,51.32,9.55,1959,1059.597143,Norwich,Spring,2006
Rennes-1,48.5,-1.41,1959,3713.462857,Norwich,Spring,2006
Aa-0,50.92,9.57,1959,4555.677143,Norwich,Spring,2006
Ba-1,56.54,-4.79,1959,3244.665714,Norwich,Spring,2006
Ca-0,50.3,8.27,1959,8984.657143,Norwich,Spring,2006
El-0,51.3,9.97,1959,7779.288571,Norwich,Spring,2006
Hh-0,54.42,9.89,1959,NA,Norwich,Spring,2006
Hn-0,51.33,8.27,1959,5529.42,Norwich,Spring,2006
Lan-0,55.67,-3.78,1959,7845.268571,Norwich,Spring,2006
Ag-0,45.1,1.93,1960,1275.983333,Norwich,Spring,2006
Et-0,44.64,2.56,1960,3564.171429,Norwich,Spring,2006
Hl-0,52.26,9.63,1960,NA,Norwich,Spring,2006
Pn-0,48.07,-2.97,1960,4752.931429,Norwich,Spring,2006
Hl-3 ,51.57,9.9,1961,7317.172857,Norwich,Spring,2006
Hs-0,52.91,9.02,1961,10484.1,Norwich,Spring,2006
Ty-0,56.43,-5.24,1961,1369.447143,Norwich,Spring,2006
Np-0,52.7,10.98,1963,7912.583333,Norwich,Spring,2006
Fi-0,50.5,8.02,1964,3020.607143,Norwich,Spring,2006
Me-0,51.92,10.11,1964,7090.14,Norwich,Spring,2006
Nd-1,47.4,8.18,1964,3965.214286,Norwich,Spring,2006
Or-0,50.38,8.01,1964,1209.933333,Norwich,Spring,2006
Ove-0,53.54,7.8,1964,6261.914286,Norwich,Spring,2006
Sh-0,51.68,10.21,1964,3875.995714,Norwich,Spring,2006
Wc-2,52.6,10.08,1964,2283.434286,Norwich,Spring,2006
Wt-5,52.65,9.84,1964,10285.74286,Norwich,Spring,2006
Sue-0,37.18,-3.6,1967,232.9114286,Norwich,Spring,2006
Sah-0,38.9,-3.05,1974,0,Norwich,Spring,2006
Mz-0,47.97,7.83,1975,4713.574286,Norwich,Spring,2006
Per-1,58,56.24,1975,3342.75,Norwich,Spring,2006
So-0,61.55,6.33,1975,761.4285714,Norwich,Spring,2006
Bus-0,60.47,8.47,1976,70.08,Norwich,Spring,2006
Nie-0,50.34,8.43,1976,4498.8,Norwich,Spring,2006
Hel-1,60.17,24.94,1977,268.2428571,Norwich,Spring,2006
Nc-1,48.61,6.25,1977,8250.094286,Norwich,Spring,2006
Al-0,55.19,9.01,1978,470.7571429,Norwich,Spring,2006
Eil-0,51.47,12.62,1978,5048.888571,Norwich,Spring,2006
Ge-1,46.2,6.14,1978,4568.728571,Norwich,Spring,2006
No-0,51.06,13.3,1978,2830.842857,Norwich,Spring,2006
Ob-2,50.2,8.58,1978,9107.4,Norwich,Spring,2006
Sol-0,55.54,12.18,1978,277.06,Norwich,Spring,2006
Ste-0,52.6,11.87,1978,3318.5,Norwich,Spring,2006
Db-0,50.09,8.24,1979,9818.257143,Norwich,Spring,2006
Es-0,60.21,24.65,1979,531.7571429,Norwich,Spring,2006
Lip-0,50.14,19.4,1980,4159.585714,Norwich,Spring,2006
Bay-0,49.95,11.58,1983,7414.952857,Norwich,Spring,2006
Mnz-0,50,8.27,1984,5295.434286,Norwich,Spring,2006
Dra-0,49.42,16.27,1987,4506.144286,Norwich,Spring,2006
Jm-0,49.07,16.25,1987,6483.043333,Norwich,Spring,2006
Ang-0,50.62,5.6,1987,5735.371429,Norwich,Spring,2006
Cit-0,43.38,2.54,1987,921.6857143,Norwich,Spring,2006
Gy-0,46.52,1.38,1987,7785.385714,Norwich,Spring,2006
Lz-0,45.83,3.38,1987,8077.942857,Norwich,Spring,2006
Ra-0,46.02,3.35,1987,8538.728571,Norwich,Spring,2006
Nok-3,52.23,4.45,1989,2213.771429,Norwich,Spring,2006
Arby-1,59.38,16.52,1990,432.2357143,Norwich,Spring,2006
Benk-1,52,5.68,1990,1483.656667,Norwich,Spring,2006
Chat-1,48.07,1.33,1990,4842.214286,Norwich,Spring,2006
Ema-1,51.28,0.45,1990,6572.5,Norwich,Spring,2006
Eri-1,56.44,15.36,1990,NA,Norwich,Spring,2006
Lp2-2,49.22,16.39,1990,4833.831429,Norwich,Spring,2006
Lp2-6,49.22,16.39,1990,3196.507143,Norwich,Spring,2006
Pu2-23,49.42,16.42,1990,2965.985714,Norwich,Spring,2006
Pu2-7,49.42,16.42,1990,5876.471429,Norwich,Spring,2006
Rak-2,49.04,16.31,1990,5454.488571,Norwich,Spring,2006
Rome-1,41.9,12.48,1990,5979.555,Norwich,Spring,2006
Sap-0,49.81,14.4,1990,4546.928571,Norwich,Spring,2006
Ting-1,56.52,14.98,1990,31.6,Norwich,Spring,2006
Wei-0,47.42,8.43,1990,6983.954286,Norwich,Spring,2006
Wei-1,47.42,8.43,1990,9501.392857,Norwich,Spring,2006
Zu-0,47.37,8.54,1990,NA,Norwich,Spring,2006
Zu-1,47.37,8.54,1990,7839.085714,Norwich,Spring,2006
Abd-0,57.15,-2.22,1993,5769.685714,Norwich,Spring,2006
C24,40.21,-8.43,1993,4413.078571,Norwich,Spring,2006
Jl-5,49.31,16.61,1993,3554.242857,Norwich,Spring,2006
Ka-0,46.72,14.18,1993,4284.928571,Norwich,Spring,2006
Kondara,38.35,68.48,1993,4432.885714,Norwich,Spring,2006
Litva,55.17,23.88,1993,6127.457143,Norwich,Spring,2006
Petergof,59.87,29.92,1993,5790.285714,Norwich,Spring,2006
PHW-1,41.9,12.5,1993,NA,Norwich,Spring,2006
PHW-2,43.77,11.26,1993,5027.235714,Norwich,Spring,2006
PHW-26,50.67,-3.84,1993,285.4828571,Norwich,Spring,2006
PHW-3,50.94,6.96,1993,NA,Norwich,Spring,2006
PHW-31,52.4,0.26,1993,674.7,Norwich,Spring,2006
Rld-2,56.27,34.33,1993,7334.3,Norwich,Spring,2006
Rubezhnoe,49.01,38.38,1993,2158.528571,Norwich,Spring,2006
Sha,38.35,68.48,1993,1285.471429,Norwich,Spring,2006
Alc-0,40.48,-3.36,1998,5222.942857,Norwich,Spring,2006
NFC1,51.41,-0.67,1998,4152.15,Norwich,Spring,2006
NFE1,51.41,-0.67,1998,1563.033333,Norwich,Spring,2006
PUZ16 ,49.21,17.7,1998,4214.714286,Norwich,Spring,2006
Bil-7,63.19,18.29,2000,262.4571429,Norwich,Spring,2006
Bor-1,49.12,16.37,2000,6682.752857,Norwich,Spring,2006
Bor-4,49.12,16.37,2000,6216.135714,Norwich,Spring,2006
CIBC-17,51.25,0.41,2000,1995.982,Norwich,Spring,2006
CIBC-5,51.25,0.41,2000,5727.828571,Norwich,Spring,2006
Eden-1,62.58,17.92,2000,304.1571429,Norwich,Spring,2006
Eden-2,62.58,17.92,2000,203.9,Norwich,Spring,2006
Fab-4,63.01,18.19,2000,111.8133333,Norwich,Spring,2006
Fei-0,40.93,-8.54,2000,5917.614286,Norwich,Spring,2006
HR-10,51.25,0.41,2000,4679.351429,Norwich,Spring,2006
HR5,51.25,0.41,2000,8486.248571,Norwich,Spring,2006
KZ1,49.5,73.1,2000,3312.057143,Norwich,Spring,2006
KZ9,49.5,73.1,2000,3902.228571,Norwich,Spring,2006
Lov-1,62.58,17.92,2000,789.8,Norwich,Spring,2006
N10,61.95,34.2,2000,NA,Norwich,Spring,2006
N11,62.01,34.07,2000,5634.428571,Norwich,Spring,2006
N13,62.13,34.02,2000,1938.181667,Norwich,Spring,2006
N15,62.21,34.26,2000,2455.728571,Norwich,Spring,2006
N17,61.78,34.36,2000,2499.8,Norwich,Spring,2006
N7,61.9,34.6,2000,5341.328571,Norwich,Spring,2006
N8,61.97,34.56,2000,NA,Norwich,Spring,2006
NFA-10,51.25,0.41,2000,5541.777143,Norwich,Spring,2006
Omo2-1,56.25,15.25,2000,1122.8575,Norwich,Spring,2006
Omo2-3,56.25,15.25,2000,691.2,Norwich,Spring,2006
Ost-0,60.26,18.37,2000,345.5,Norwich,Spring,2006
Pro-0,43.25,-6.02,2000,5250.585714,Norwich,Spring,2006
Spr1-2,56.32,14.29,2000,1016.157143,Norwich,Spring,2006
Spr1-6,56.32,14.29,2000,861.5733333,Norwich,Spring,2006
Sq-1,51.25,0.41,2000,7735.422857,Norwich,Spring,2006
Sq-8,51.25,0.41,2000,9076.388571,Norwich,Spring,2006
Tamm-2,59.92,23.25,2000,653.2142857,Norwich,Spring,2006
Tamm-27,59.92,23.25,2000,1749.385714,Norwich,Spring,2006
Ull2-3,56.09,13.46,2000,5416.456667,Norwich,Spring,2006
Ull2-5,56.09,13.46,2000,120.5,Norwich,Spring,2006
Uod-1,48.07,14.53,2000,3694.514286,Norwich,Spring,2006
Uod-7,48.07,14.53,2000,2432.257143,Norwich,Spring,2006
Var2-1,55.42,14.25,2000,902.2857143,Norwich,Spring,2006
Var2-6,55.42,14.25,2000,229.8571429,Norwich,Spring,2006
Zdr-1,49.12,16.37,2000,5883.5,Norwich,Spring,2006
Zdr-6,49.12,16.37,2000,4740.73,Norwich,Spring,2006
Bas-1,51.84,79.48,2002,4559.233333,Norwich,Spring,2006
Bas-2,51.82,79.48,2002,1042.1,Norwich,Spring,2006
Bas-3,51.84,79.46,2002,3674.12,Norwich,Spring,2006
Cha-1,53.6,79.39,2002,2404.666667,Norwich,Spring,2006
Cha-2,53.6,79.37,2002,3183.892857,Norwich,Spring,2006
Kly-1,51.34,82.57,2002,2369.433333,Norwich,Spring,2006
Kly-2,51.31,82.59,2002,1987.614286,Norwich,Spring,2006
Kly-3,51.36,82.59,2002,4122.022857,Norwich,Spring,2006
Kly-4,51.32,82.55,2002,3495.08,Norwich,Spring,2006
Kly-5,51.32,82.55,2002,4051.348571,Norwich,Spring,2006
Kly-6,51.33,82.54,2002,1887.228,Norwich,Spring,2006
Koz-1,51.35,82.18,2002,1732.257143,Norwich,Spring,2006
Koz-2,51.33,82.19,2002,2028.928571,Norwich,Spring,2006
Koz-3,51.34,82.16,2002,3261.206667,Norwich,Spring,2006
Leb-1,51.65,80.79,2002,3375.684286,Norwich,Spring,2006
Leb-2,51.67,80.82,2002,1774.971429,Norwich,Spring,2006
Leb-3,51.66,80.82,2002,2502.014286,Norwich,Spring,2006
Leb-4,51.63,80.83,2002,2288.314286,Norwich,Spring,2006
Mas-3,54.13,81.31,2002,1697.733333,Norwich,Spring,2006
Nos-1,51.87,80.6,2002,2478.6,Norwich,Spring,2006
1-Nov,51.75,80.82,2002,2108.605714,Norwich,Spring,2006
2-Nov,51.77,80.85,2002,2661.35,Norwich,Spring,2006
3-Nov,51.73,80.86,2002,657.4233333,Norwich,Spring,2006
Rak-2,51.84,80.06,2002,1755.746667,Norwich,Spring,2006
Rak-3,51.84,80.06,2002,0,Norwich,Spring,2006
Sev-1,52.1,79.31,2002,1945.857143,Norwich,Spring,2006
Sij-1/72,41.45,70.05,2002,4081.705714,Norwich,Spring,2006
Sij-4/82,41.45,70.05,2002,3713.961429,Norwich,Spring,2006
Blh-2,48.29,19.85,NA,118.1428571,Norwich,Spring,2006
M3385S,59.33,18.06,NA,86.39857143,Norwich,Spring,2006
Sorbo,38.35,68.48,NA,2736.171429,Norwich,Spring,2006
Utrecht,52.09,5.12,NA,6677.642857,Norwich,Spring,2006
Br-0Ê,49.19,16.61,NA,1872.714286,Norwich,Spring,2006
Cen-0,49.18,-0.36,NA,7031.742857,Norwich,Spring,2006
Cha-0,46.03,7.12,NA,1443.25,Norwich,Spring,2006
Edi-0,55.95,-3.19,NA,2819.715714,Norwich,Spring,2006
Ei-2,50.25,6.67,NA,3734.577143,Norwich,Spring,2006
Ei-4 ,50.25,6.67,NA,4448.925714,Norwich,Spring,2006
Ei-6 ,50.25,6.67,NA,5099.027143,Norwich,Spring,2006
Hi-0,52.22,5.17,NA,3188.367143,Norwich,Spring,2006
Ko-2,55.68,12.57,NA,782.5083333,Norwich,Spring,2006
Ko-3,55.3,11.75,NA,918.4833333,Norwich,Spring,2006
Le-0,52.16,4.49,NA,8947.645714,Norwich,Spring,2006
Mh-1,53.52,20.2,NA,7269.838571,Norwich,Spring,2006
Ms-0,55.76,37.62,NA,3701.321429,Norwich,Spring,2006
Pf-0,48.55,9.11,NA,6869.638571,Norwich,Spring,2006
Wil-2,54.69,25.28,NA,5108.428571,Norwich,Spring,2006
Ta-0,49.41,14.66,1937,2965.283333,Norwich,Summer,2006
Wa-1,52.23,21.01,1937,2066.46,Norwich,Summer,2006
Bd-0,52.45,13.28,1939,3569.775,Norwich,Summer,2006
Col-0,52.73,15.24,1939,4117.733333,Norwich,Summer,2006
Dr-0,51.1,13.82,1939,2457.383333,Norwich,Summer,2006
Gie-0,50.58,8.65,1939,4561.44,Norwich,Summer,2006
Gr-3,47.07,15.44,1939,2370.841667,Norwich,Summer,2006
Gr-6,47.07,15.44,1939,3822.366667,Norwich,Summer,2006
In-0,47.26,11.39,1939,4360.754,Norwich,Summer,2006
Is-0,50.48,7.6,1939,4242.99,Norwich,Summer,2006
La-1,52.73,15.24,1939,5890.9875,Norwich,Summer,2006
Ler-1,52.73,15.24,1939,2370.24,Norwich,Summer,2006
Lu-1,55.7,13.19,1939,2314.366667,Norwich,Summer,2006
St-0,59.33,18.06,1939,3744.933333,Norwich,Summer,2006
Bl-1,44.49,11.35,1940,6396.53,Norwich,Summer,2006
Bs-1,47.56,7.58,1940,4083.18,Norwich,Summer,2006
Bs-5 ,47.56,7.58,1940,2847.128333,Norwich,Summer,2006
Bsch-0,50.02,8.67,1940,3395.208333,Norwich,Summer,2006
Da-0,49.87,8.65,1940,5838.093333,Norwich,Summer,2006
Fr-2,50.12,8.68,1940,3275.233333,Norwich,Summer,2006
Li-2:1 ,50.37,8.12,1940,3522.133333,Norwich,Summer,2006
Si-0,50.87,8.02,1940,9805.566667,Norwich,Summer,2006
Vi-0,50.18,8.74,1940,4108.46,Norwich,Summer,2006
Bu-0,50.7,9.72,1941,1647.133333,Norwich,Summer,2006
Ep-0,50.17,8.39,1941,3332.01,Norwich,Summer,2006
Kn-0,54.9,23.89,1942,5393.56,Norwich,Summer,2006
Rsch-0,56.27,34.33,1942,4183.32,Norwich,Summer,2006
Chi-0,53.74,34.74,1943,2945.5,Norwich,Summer,2006
Lm-2,48.01,0.2,1943,3439.666667,Norwich,Summer,2006
Nw-1,50.32,8.41,1943,3762.48,Norwich,Summer,2006
Nw-3 ,50.32,8.41,1943,3132.266667,Norwich,Summer,2006
Rou-0,49.44,1.1,1943,5541.433333,Norwich,Summer,2006
Stw-0,52.97,36.07,1943,3490.613333,Norwich,Summer,2006
Ws-0,53.09,30.91,1943,3029.833333,Norwich,Summer,2006
Li-6:1,50.37,8.12,1944,6898.65,Norwich,Summer,2006
G-0,50.39,8,1947,2726.99,Norwich,Summer,2006
Ga-0,50.3,8,1948,5326.466667,Norwich,Summer,2006
Li-10,50.37,8.12,1948,3971.081667,Norwich,Summer,2006
Ll-0,41.83,2.89,1948,4509.216667,Norwich,Summer,2006
Ll-2 ,41.83,2.89,1948,3627.95,Norwich,Summer,2006
Loh-0,50.37,8.12,1948,4707.87,Norwich,Summer,2006
Pla-0,41.92,3.08,1948,3514.54,Norwich,Summer,2006
Se-0,41.42,2.25,1948,7360.123333,Norwich,Summer,2006
Sei-0,46.55,11.56,1948,2106.536,Norwich,Summer,2006
Sf-1,42.47,0.53,1948,4242.516667,Norwich,Summer,2006
Sf-2 ,42.47,0.53,1948,7675.86,Norwich,Summer,2006
Ts-1,41.72,2.93,1948,3287.216667,Norwich,Summer,2006
Ts-5,41.72,2.93,1948,5573.433333,Norwich,Summer,2006
Mr-0,44.78,9.77,1952,468.465,Norwich,Summer,2006
An-1,51.22,4.42,1954,6171.5,Norwich,Summer,2006
Bla-1,41.67,2.79,1954,7772.325,Norwich,Summer,2006
Co-2,40.21,-8.43,1954,2698.916667,Norwich,Summer,2006
Fe-1,48,7.85,1954,3901.106667,Norwich,Summer,2006
Sg-1,48.12,8.33,1954,5294.725,Norwich,Summer,2006
Uk-4,48.03,7.76,1954,2275.558333,Norwich,Summer,2006
Ak-1,48.07,7.65,1955,3666.1,Norwich,Summer,2006
Lo-1,47.62,7.66,1955,4860.9,Norwich,Summer,2006
Mrk-0,47.64,7.59,1955,4461.383333,Norwich,Summer,2006
Set-0,54.07,-2.28,1955,NA,Norwich,Summer,2006
Bla-10Ê,41.67,2.79,1956,6697.74,Norwich,Summer,2006
Gd-1,53.55,10.78,1957,2446.04,Norwich,Summer,2006
Pt-0,53.48,10.61,1957,3595.01,Norwich,Summer,2006
G-2 ,51.53,9.93,1958,3467.29,Norwich,Summer,2006
Goettingen-22,51.32,9.55,1959,223.725,Norwich,Summer,2006
Goettingen-7,51.32,9.55,1959,974.2083333,Norwich,Summer,2006
Rennes-1,48.5,-1.41,1959,4889.983333,Norwich,Summer,2006
Aa-0,50.92,9.57,1959,1747.041667,Norwich,Summer,2006
Ba-1,56.54,-4.79,1959,3072.894,Norwich,Summer,2006
Ca-0,50.3,8.27,1959,4403.896667,Norwich,Summer,2006
El-0,51.3,9.97,1959,3148.708333,Norwich,Summer,2006
Hh-0,54.42,9.89,1959,NA,Norwich,Summer,2006
Hn-0,51.33,8.27,1959,4679.393333,Norwich,Summer,2006
Lan-0,55.67,-3.78,1959,4136.383333,Norwich,Summer,2006
Ag-0,45.1,1.93,1960,3161.733333,Norwich,Summer,2006
Et-0,44.64,2.56,1960,1365.04,Norwich,Summer,2006
Hl-0,52.26,9.63,1960,NA,Norwich,Summer,2006
Pn-0,48.07,-2.97,1960,1677.198333,Norwich,Summer,2006
Hl-3 ,51.57,9.9,1961,3112.15,Norwich,Summer,2006
Hs-0,52.91,9.02,1961,3712.733333,Norwich,Summer,2006
Ty-0,56.43,-5.24,1961,3995.961667,Norwich,Summer,2006
Np-0,52.7,10.98,1963,5148.883333,Norwich,Summer,2006
Fi-0,50.5,8.02,1964,4133.645,Norwich,Summer,2006
Me-0,51.92,10.11,1964,2318.466667,Norwich,Summer,2006
Nd-1,47.4,8.18,1964,1459.59,Norwich,Summer,2006
Or-0,50.38,8.01,1964,1009.376667,Norwich,Summer,2006
Ove-0,53.54,7.8,1964,3353.75,Norwich,Summer,2006
Sh-0,51.68,10.21,1964,2885.483333,Norwich,Summer,2006
Wc-2,52.6,10.08,1964,3382.866667,Norwich,Summer,2006
Wt-5,52.65,9.84,1964,5609.366667,Norwich,Summer,2006
Sue-0,37.18,-3.6,1967,303.545,Norwich,Summer,2006
Sah-0,38.9,-3.05,1974,27.5,Norwich,Summer,2006
Mz-0,47.97,7.83,1975,1818.971667,Norwich,Summer,2006
Per-1,58,56.24,1975,2905,Norwich,Summer,2006
So-0,61.55,6.33,1975,0,Norwich,Summer,2006
Bus-0,60.47,8.47,1976,0,Norwich,Summer,2006
Nie-0,50.34,8.43,1976,4843.28,Norwich,Summer,2006
Hel-1,60.17,24.94,1977,0,Norwich,Summer,2006
Nc-1,48.61,6.25,1977,5890.083333,Norwich,Summer,2006
Al-0,55.19,9.01,1978,6,Norwich,Summer,2006
Eil-0,51.47,12.62,1978,3708.166667,Norwich,Summer,2006
Ge-1,46.2,6.14,1978,3804.766667,Norwich,Summer,2006
No-0,51.06,13.3,1978,3299.973333,Norwich,Summer,2006
Ob-2,50.2,8.58,1978,4358.941667,Norwich,Summer,2006
Sol-0,55.54,12.18,1978,0,Norwich,Summer,2006
Ste-0,52.6,11.87,1978,3855.716667,Norwich,Summer,2006
Db-0,50.09,8.24,1979,5654.636667,Norwich,Summer,2006
Es-0,60.21,24.65,1979,17.5,Norwich,Summer,2006
Lip-0,50.14,19.4,1980,4251.666667,Norwich,Summer,2006
Bay-0,49.95,11.58,1983,4808.871667,Norwich,Summer,2006
Mnz-0,50,8.27,1984,3133.25,Norwich,Summer,2006
Dra-0,49.42,16.27,1987,2138.316667,Norwich,Summer,2006
Jm-0,49.07,16.25,1987,4027.516667,Norwich,Summer,2006
Ang-0,50.62,5.6,1987,4180.516667,Norwich,Summer,2006
Cit-0,43.38,2.54,1987,439.92,Norwich,Summer,2006
Gy-0,46.52,1.38,1987,2826.66,Norwich,Summer,2006
Lz-0,45.83,3.38,1987,2971.65,Norwich,Summer,2006
Ra-0,46.02,3.35,1987,4051.166667,Norwich,Summer,2006
Nok-3,52.23,4.45,1989,5716.016667,Norwich,Summer,2006
Arby-1,59.38,16.52,1990,0,Norwich,Summer,2006
Benk-1,52,5.68,1990,1764,Norwich,Summer,2006
Chat-1,48.07,1.33,1990,2748.256667,Norwich,Summer,2006
Ema-1,51.28,0.45,1990,3073.755,Norwich,Summer,2006
Eri-1,56.44,15.36,1990,NA,Norwich,Summer,2006
Lp2-2,49.22,16.39,1990,1398.183333,Norwich,Summer,2006
Lp2-6,49.22,16.39,1990,2810.15,Norwich,Summer,2006
Pu2-23,49.42,16.42,1990,3782.88,Norwich,Summer,2006
Pu2-7,49.42,16.42,1990,3941.8,Norwich,Summer,2006
Rak-2,49.04,16.31,1990,4180.383333,Norwich,Summer,2006
Rome-1,41.9,12.48,1990,8128.066667,Norwich,Summer,2006
Sap-0,49.81,14.4,1990,2810.133333,Norwich,Summer,2006
Ting-1,56.52,14.98,1990,0,Norwich,Summer,2006
Wei-0,47.42,8.43,1990,2047.876,Norwich,Summer,2006
Wei-1,47.42,8.43,1990,3016.083333,Norwich,Summer,2006
Zu-0,47.37,8.54,1990,NA,Norwich,Summer,2006
Zu-1,47.37,8.54,1990,3260.65,Norwich,Summer,2006
Abd-0,57.15,-2.22,1993,3384.516667,Norwich,Summer,2006
C24,40.21,-8.43,1993,1587.05,Norwich,Summer,2006
Jl-5,49.31,16.61,1993,3478.45,Norwich,Summer,2006
Ka-0,46.72,14.18,1993,3177.786,Norwich,Summer,2006
Kondara,38.35,68.48,1993,3385.8,Norwich,Summer,2006
Litva,55.17,23.88,1993,4427.891667,Norwich,Summer,2006
Petergof,59.87,29.92,1993,3089.6,Norwich,Summer,2006
PHW-1,41.9,12.5,1993,NA,Norwich,Summer,2006
PHW-2,43.77,11.26,1993,5553.773333,Norwich,Summer,2006
PHW-26,50.67,-3.84,1993,0,Norwich,Summer,2006
PHW-3,50.94,6.96,1993,NA,Norwich,Summer,2006
PHW-31,52.4,0.26,1993,0,Norwich,Summer,2006
Rld-2,56.27,34.33,1993,2722.785,Norwich,Summer,2006
Rubezhnoe,49.01,38.38,1993,2430.25,Norwich,Summer,2006
Sha,38.35,68.48,1993,1740.262,Norwich,Summer,2006
Alc-0,40.48,-3.36,1998,9807.4,Norwich,Summer,2006
NFC1,51.41,-0.67,1998,4975.583333,Norwich,Summer,2006
NFE1,51.41,-0.67,1998,1759.595,Norwich,Summer,2006
PUZ16 ,49.21,17.7,1998,4741.153333,Norwich,Summer,2006
Bil-7,63.19,18.29,2000,0,Norwich,Summer,2006
Bor-1,49.12,16.37,2000,4069.046667,Norwich,Summer,2006
Bor-4,49.12,16.37,2000,1832.45,Norwich,Summer,2006
CIBC-17,51.25,0.41,2000,2526.748,Norwich,Summer,2006
CIBC-5,51.25,0.41,2000,4782.975,Norwich,Summer,2006
Eden-1,62.58,17.92,2000,0,Norwich,Summer,2006
Eden-2,62.58,17.92,2000,0,Norwich,Summer,2006
Fab-4,63.01,18.19,2000,0,Norwich,Summer,2006
Fei-0,40.93,-8.54,2000,3870.5,Norwich,Summer,2006
HR-10,51.25,0.41,2000,4011,Norwich,Summer,2006
HR5,51.25,0.41,2000,4588.671667,Norwich,Summer,2006
KZ1,49.5,73.1,2000,2227.8,Norwich,Summer,2006
KZ9,49.5,73.1,2000,1700.783333,Norwich,Summer,2006
Lov-1,62.58,17.92,2000,0,Norwich,Summer,2006
N10,61.95,34.2,2000,NA,Norwich,Summer,2006
N11,62.01,34.07,2000,2828.803333,Norwich,Summer,2006
N13,62.13,34.02,2000,2130.066667,Norwich,Summer,2006
N15,62.21,34.26,2000,1906.275,Norwich,Summer,2006
N17,61.78,34.36,2000,2790.241667,Norwich,Summer,2006
N7,61.9,34.6,2000,3137.738333,Norwich,Summer,2006
N8,61.97,34.56,2000,NA,Norwich,Summer,2006
NFA-10,51.25,0.41,2000,3045.533333,Norwich,Summer,2006
Omo2-1,56.25,15.25,2000,841.25,Norwich,Summer,2006
Omo2-3,56.25,15.25,2000,1676.206667,Norwich,Summer,2006
Ost-0,60.26,18.37,2000,219.0833333,Norwich,Summer,2006
Pro-0,43.25,-6.02,2000,1793.4,Norwich,Summer,2006
Spr1-2,56.32,14.29,2000,179.9166667,Norwich,Summer,2006
Spr1-6,56.32,14.29,2000,364.976,Norwich,Summer,2006
Sq-1,51.25,0.41,2000,6923.36,Norwich,Summer,2006
Sq-8,51.25,0.41,2000,3704.396667,Norwich,Summer,2006
Tamm-2,59.92,23.25,2000,522.3333333,Norwich,Summer,2006
Tamm-27,59.92,23.25,2000,632.75,Norwich,Summer,2006
Ull2-3,56.09,13.46,2000,3585.5475,Norwich,Summer,2006
Ull2-5,56.09,13.46,2000,0,Norwich,Summer,2006
Uod-1,48.07,14.53,2000,2227.266667,Norwich,Summer,2006
Uod-7,48.07,14.53,2000,1936.183333,Norwich,Summer,2006
Var2-1,55.42,14.25,2000,35.2,Norwich,Summer,2006
Var2-6,55.42,14.25,2000,0,Norwich,Summer,2006
Zdr-1,49.12,16.37,2000,3284.766667,Norwich,Summer,2006
Zdr-6,49.12,16.37,2000,2583.783333,Norwich,Summer,2006
Bas-1,51.84,79.48,2002,5449.283333,Norwich,Summer,2006
Bas-2,51.82,79.48,2002,485.22,Norwich,Summer,2006
Bas-3,51.84,79.46,2002,1542.466667,Norwich,Summer,2006
Cha-1,53.6,79.39,2002,3364.783333,Norwich,Summer,2006
Cha-2,53.6,79.37,2002,2025.9,Norwich,Summer,2006
Kly-1,51.34,82.57,2002,2755.178333,Norwich,Summer,2006
Kly-2,51.31,82.59,2002,2544.625,Norwich,Summer,2006
Kly-3,51.36,82.59,2002,NA,Norwich,Summer,2006
Kly-4,51.32,82.55,2002,768.98,Norwich,Summer,2006
Kly-5,51.32,82.55,2002,3878.1,Norwich,Summer,2006
Kly-6,51.33,82.54,2002,2707.422,Norwich,Summer,2006
Koz-1,51.35,82.18,2002,2078.558333,Norwich,Summer,2006
Koz-2,51.33,82.19,2002,2055.583333,Norwich,Summer,2006
Koz-3,51.34,82.16,2002,815.325,Norwich,Summer,2006
Leb-1,51.65,80.79,2002,2449,Norwich,Summer,2006
Leb-2,51.67,80.82,2002,86.91,Norwich,Summer,2006
Leb-3,51.66,80.82,2002,1309.74,Norwich,Summer,2006
Leb-4,51.63,80.83,2002,808.9833333,Norwich,Summer,2006
Mas-3,54.13,81.31,2002,665.24,Norwich,Summer,2006
Nos-1,51.87,80.6,2002,512.848,Norwich,Summer,2006
1-Nov,51.75,80.82,2002,2664.14,Norwich,Summer,2006
2-Nov,51.77,80.85,2002,3454.93,Norwich,Summer,2006
3-Nov,51.73,80.86,2002,1377.64,Norwich,Summer,2006
Rak-2,51.84,80.06,2002,646.72,Norwich,Summer,2006
Rak-3,51.84,80.06,2002,1105.383333,Norwich,Summer,2006
Sev-1,52.1,79.31,2002,2936.745,Norwich,Summer,2006
Sij-1/72,41.45,70.05,2002,2289.833333,Norwich,Summer,2006
Sij-4/82,41.45,70.05,2002,1810.32,Norwich,Summer,2006
Blh-2,48.29,19.85,NA,36.91666667,Norwich,Summer,2006
M3385S,59.33,18.06,NA,42.64,Norwich,Summer,2006
Sorbo,38.35,68.48,NA,1760.775,Norwich,Summer,2006
Utrecht,52.09,5.12,NA,2910.375,Norwich,Summer,2006
Br-0Ê,49.19,16.61,NA,2069.598333,Norwich,Summer,2006
Cen-0,49.18,-0.36,NA,3802.378333,Norwich,Summer,2006
Cha-0,46.03,7.12,NA,395.6916667,Norwich,Summer,2006
Edi-0,55.95,-3.19,NA,6106.06,Norwich,Summer,2006
Ei-2,50.25,6.67,NA,3706.486667,Norwich,Summer,2006
Ei-4 ,50.25,6.67,NA,3644.043333,Norwich,Summer,2006
Ei-6 ,50.25,6.67,NA,1421.266667,Norwich,Summer,2006
Hi-0,52.22,5.17,NA,3038.38,Norwich,Summer,2006
Ko-2,55.68,12.57,NA,NA,Norwich,Summer,2006
Ko-3,55.3,11.75,NA,0,Norwich,Summer,2006
Le-0,52.16,4.49,NA,5483.575,Norwich,Summer,2006
Mh-1,53.52,20.2,NA,4748.086667,Norwich,Summer,2006
Ms-0,55.76,37.62,NA,3292.031667,Norwich,Summer,2006
Pf-0,48.55,9.11,NA,2872.658333,Norwich,Summer,2006
Wil-2,54.69,25.28,NA,4059.666667,Norwich,Summer,2006
Ta-0,49.41,14.66,1937,NA,Oulu,Autumn,2006
Wa-1,52.23,21.01,1937,1066.721429,Oulu,Autumn,2006
Bd-0,52.45,13.28,1939,2591.013333,Oulu,Autumn,2006
Col-0,52.73,15.24,1939,2882.142857,Oulu,Autumn,2006
Dr-0,51.1,13.82,1939,NA,Oulu,Autumn,2006
Gie-0,50.58,8.65,1939,3151.885714,Oulu,Autumn,2006
Gr-3,47.07,15.44,1939,3174.18,Oulu,Autumn,2006
Gr-6,47.07,15.44,1939,NA,Oulu,Autumn,2006
In-0,47.26,11.39,1939,NA,Oulu,Autumn,2006
Is-0,50.48,7.6,1939,NA,Oulu,Autumn,2006
La-1,52.73,15.24,1939,NA,Oulu,Autumn,2006
Ler-1,52.73,15.24,1939,1262.01,Oulu,Autumn,2006
Lu-1,55.7,13.19,1939,2115.683333,Oulu,Autumn,2006
St-0,59.33,18.06,1939,2528.673333,Oulu,Autumn,2006
Bl-1,44.49,11.35,1940,3156.038462,Oulu,Autumn,2006
Bs-1,47.56,7.58,1940,1880.073333,Oulu,Autumn,2006
Bs-5 ,47.56,7.58,1940,NA,Oulu,Autumn,2006
Bsch-0,50.02,8.67,1940,NA,Oulu,Autumn,2006
Da-0,49.87,8.65,1940,NA,Oulu,Autumn,2006
Fr-2,50.12,8.68,1940,NA,Oulu,Autumn,2006
Li-2:1 ,50.37,8.12,1940,NA,Oulu,Autumn,2006
Si-0,50.87,8.02,1940,3310.964286,Oulu,Autumn,2006
Vi-0,50.18,8.74,1940,NA,Oulu,Autumn,2006
Bu-0,50.7,9.72,1941,NA,Oulu,Autumn,2006
Ep-0,50.17,8.39,1941,NA,Oulu,Autumn,2006
Kn-0,54.9,23.89,1942,NA,Oulu,Autumn,2006
Rsch-0,56.27,34.33,1942,NA,Oulu,Autumn,2006
Chi-0,53.74,34.74,1943,NA,Oulu,Autumn,2006
Lm-2,48.01,0.2,1943,NA,Oulu,Autumn,2006
Nw-1,50.32,8.41,1943,NA,Oulu,Autumn,2006
Nw-3 ,50.32,8.41,1943,NA,Oulu,Autumn,2006
Rou-0,49.44,1.1,1943,1740.766667,Oulu,Autumn,2006
Stw-0,52.97,36.07,1943,NA,Oulu,Autumn,2006
Ws-0,53.09,30.91,1943,NA,Oulu,Autumn,2006
Li-6:1,50.37,8.12,1944,NA,Oulu,Autumn,2006
G-0,50.39,8,1947,NA,Oulu,Autumn,2006
Ga-0,50.3,8,1948,2789.96,Oulu,Autumn,2006
Li-10,50.37,8.12,1948,NA,Oulu,Autumn,2006
Ll-0,41.83,2.89,1948,NA,Oulu,Autumn,2006
Ll-2 ,41.83,2.89,1948,44.85,Oulu,Autumn,2006
Loh-0,50.37,8.12,1948,NA,Oulu,Autumn,2006
Pla-0,41.92,3.08,1948,264.5333333,Oulu,Autumn,2006
Se-0,41.42,2.25,1948,30.46153846,Oulu,Autumn,2006
Sei-0,46.55,11.56,1948,NA,Oulu,Autumn,2006
Sf-1,42.47,0.53,1948,0,Oulu,Autumn,2006
Sf-2 ,42.47,0.53,1948,0,Oulu,Autumn,2006
Ts-1,41.72,2.93,1948,NA,Oulu,Autumn,2006
Ts-5,41.72,2.93,1948,0,Oulu,Autumn,2006
Mr-0,44.78,9.77,1952,896.2466667,Oulu,Autumn,2006
An-1,51.22,4.42,1954,3367.733333,Oulu,Autumn,2006
Bla-1,41.67,2.79,1954,NA,Oulu,Autumn,2006
Co-2,40.21,-8.43,1954,19.55333333,Oulu,Autumn,2006
Fe-1,48,7.85,1954,NA,Oulu,Autumn,2006
Sg-1,48.12,8.33,1954,NA,Oulu,Autumn,2006
Uk-4,48.03,7.76,1954,NA,Oulu,Autumn,2006
Ak-1,48.07,7.65,1955,NA,Oulu,Autumn,2006
Lo-1,47.62,7.66,1955,NA,Oulu,Autumn,2006
Mrk-0,47.64,7.59,1955,3099.333333,Oulu,Autumn,2006
Set-0,54.07,-2.28,1955,1872.514286,Oulu,Autumn,2006
Bla-10Ê,41.67,2.79,1956,159.5285714,Oulu,Autumn,2006
Gd-1,53.55,10.78,1957,NA,Oulu,Autumn,2006
Pt-0,53.48,10.61,1957,NA,Oulu,Autumn,2006
G-2 ,51.53,9.93,1958,NA,Oulu,Autumn,2006
Goettingen-22,51.32,9.55,1959,1250.430769,Oulu,Autumn,2006
Goettingen-7,51.32,9.55,1959,NA,Oulu,Autumn,2006
Rennes-1,48.5,-1.41,1959,NA,Oulu,Autumn,2006
Aa-0,50.92,9.57,1959,NA,Oulu,Autumn,2006
Ba-1,56.54,-4.79,1959,NA,Oulu,Autumn,2006
Ca-0,50.3,8.27,1959,NA,Oulu,Autumn,2006
El-0,51.3,9.97,1959,NA,Oulu,Autumn,2006
Hh-0,54.42,9.89,1959,NA,Oulu,Autumn,2006
Hn-0,51.33,8.27,1959,NA,Oulu,Autumn,2006
Lan-0,55.67,-3.78,1959,2168.74,Oulu,Autumn,2006
Ag-0,45.1,1.93,1960,495.7538462,Oulu,Autumn,2006
Et-0,44.64,2.56,1960,NA,Oulu,Autumn,2006
Hl-0,52.26,9.63,1960,NA,Oulu,Autumn,2006
Pn-0,48.07,-2.97,1960,NA,Oulu,Autumn,2006
Hl-3 ,51.57,9.9,1961,NA,Oulu,Autumn,2006
Hs-0,52.91,9.02,1961,NA,Oulu,Autumn,2006
Ty-0,56.43,-5.24,1961,2875.04,Oulu,Autumn,2006
Np-0,52.7,10.98,1963,NA,Oulu,Autumn,2006
Fi-0,50.5,8.02,1964,NA,Oulu,Autumn,2006
Me-0,51.92,10.11,1964,NA,Oulu,Autumn,2006
Nd-1,47.4,8.18,1964,1548.366667,Oulu,Autumn,2006
Or-0,50.38,8.01,1964,NA,Oulu,Autumn,2006
Ove-0,53.54,7.8,1964,NA,Oulu,Autumn,2006
Sh-0,51.68,10.21,1964,2991.033333,Oulu,Autumn,2006
Wc-2,52.6,10.08,1964,NA,Oulu,Autumn,2006
Wt-5,52.65,9.84,1964,NA,Oulu,Autumn,2006
Sue-0,37.18,-3.6,1967,558.5933333,Oulu,Autumn,2006
Sah-0,38.9,-3.05,1974,0,Oulu,Autumn,2006
Mz-0,47.97,7.83,1975,NA,Oulu,Autumn,2006
Per-1,58,56.24,1975,NA,Oulu,Autumn,2006
So-0,61.55,6.33,1975,NA,Oulu,Autumn,2006
Bus-0,60.47,8.47,1976,845.7666667,Oulu,Autumn,2006
Nie-0,50.34,8.43,1976,NA,Oulu,Autumn,2006
Hel-1,60.17,24.94,1977,1553.235714,Oulu,Autumn,2006
Nc-1,48.61,6.25,1977,2133.393333,Oulu,Autumn,2006
Al-0,55.19,9.01,1978,3204.6,Oulu,Autumn,2006
Eil-0,51.47,12.62,1978,2896.14,Oulu,Autumn,2006
Ge-1,46.2,6.14,1978,NA,Oulu,Autumn,2006
No-0,51.06,13.3,1978,NA,Oulu,Autumn,2006
Ob-2,50.2,8.58,1978,NA,Oulu,Autumn,2006
Sol-0,55.54,12.18,1978,2220.607143,Oulu,Autumn,2006
Ste-0,52.6,11.87,1978,NA,Oulu,Autumn,2006
Db-0,50.09,8.24,1979,NA,Oulu,Autumn,2006
Es-0,60.21,24.65,1979,1868.078571,Oulu,Autumn,2006
Lip-0,50.14,19.4,1980,NA,Oulu,Autumn,2006
Bay-0,49.95,11.58,1983,2549.486667,Oulu,Autumn,2006
Mnz-0,50,8.27,1984,NA,Oulu,Autumn,2006
Dra-0,49.42,16.27,1987,3931.98,Oulu,Autumn,2006
Jm-0,49.07,16.25,1987,NA,Oulu,Autumn,2006
Ang-0,50.62,5.6,1987,NA,Oulu,Autumn,2006
Cit-0,43.38,2.54,1987,NA,Oulu,Autumn,2006
Gy-0,46.52,1.38,1987,NA,Oulu,Autumn,2006
Lz-0,45.83,3.38,1987,NA,Oulu,Autumn,2006
Ra-0,46.02,3.35,1987,NA,Oulu,Autumn,2006
Nok-3,52.23,4.45,1989,1627.184615,Oulu,Autumn,2006
Arby-1,59.38,16.52,1990,2776.353333,Oulu,Autumn,2006
Benk-1,52,5.68,1990,NA,Oulu,Autumn,2006
Chat-1,48.07,1.33,1990,NA,Oulu,Autumn,2006
Ema-1,51.28,0.45,1990,NA,Oulu,Autumn,2006
Eri-1,56.44,15.36,1990,2135.193333,Oulu,Autumn,2006
Lp2-2,49.22,16.39,1990,NA,Oulu,Autumn,2006
Lp2-6,49.22,16.39,1990,NA,Oulu,Autumn,2006
Pu2-23,49.42,16.42,1990,NA,Oulu,Autumn,2006
Pu2-7,49.42,16.42,1990,NA,Oulu,Autumn,2006
Rak-2,49.04,16.31,1990,NA,Oulu,Autumn,2006
Rome-1,41.9,12.48,1990,NA,Oulu,Autumn,2006
Sap-0,49.81,14.4,1990,NA,Oulu,Autumn,2006
Ting-1,56.52,14.98,1990,2245.657143,Oulu,Autumn,2006
Wei-0,47.42,8.43,1990,NA,Oulu,Autumn,2006
Wei-1,47.42,8.43,1990,NA,Oulu,Autumn,2006
Zu-0,47.37,8.54,1990,NA,Oulu,Autumn,2006
Zu-1,47.37,8.54,1990,NA,Oulu,Autumn,2006
Abd-0,57.15,-2.22,1993,602.0214286,Oulu,Autumn,2006
C24,40.21,-8.43,1993,NA,Oulu,Autumn,2006
Jl-5,49.31,16.61,1993,2762.333333,Oulu,Autumn,2006
Ka-0,46.72,14.18,1993,NA,Oulu,Autumn,2006
Kondara,38.35,68.48,1993,NA,Oulu,Autumn,2006
Litva,55.17,23.88,1993,3450.1,Oulu,Autumn,2006
Petergof,59.87,29.92,1993,2569.530769,Oulu,Autumn,2006
PHW-1,41.9,12.5,1993,NA,Oulu,Autumn,2006
PHW-2,43.77,11.26,1993,NA,Oulu,Autumn,2006
PHW-26,50.67,-3.84,1993,NA,Oulu,Autumn,2006
PHW-3,50.94,6.96,1993,2488.013333,Oulu,Autumn,2006
PHW-31,52.4,0.26,1993,130.4,Oulu,Autumn,2006
Rld-2,56.27,34.33,1993,NA,Oulu,Autumn,2006
Rubezhnoe,49.01,38.38,1993,NA,Oulu,Autumn,2006
Sha,38.35,68.48,1993,2122.686667,Oulu,Autumn,2006
Alc-0,40.48,-3.36,1998,217.4857143,Oulu,Autumn,2006
NFC1,51.41,-0.67,1998,NA,Oulu,Autumn,2006
NFE1,51.41,-0.67,1998,NA,Oulu,Autumn,2006
PUZ16 ,49.21,17.7,1998,NA,Oulu,Autumn,2006
Bil-7,63.19,18.29,2000,2005.62,Oulu,Autumn,2006
Bor-1,49.12,16.37,2000,3231.007692,Oulu,Autumn,2006
Bor-4,49.12,16.37,2000,NA,Oulu,Autumn,2006
CIBC-17,51.25,0.41,2000,NA,Oulu,Autumn,2006
CIBC-5,51.25,0.41,2000,NA,Oulu,Autumn,2006
Eden-1,62.58,17.92,2000,1483.528571,Oulu,Autumn,2006
Eden-2,62.58,17.92,2000,NA,Oulu,Autumn,2006
Fab-4,63.01,18.19,2000,752.74,Oulu,Autumn,2006
Fei-0,40.93,-8.54,2000,866.0857143,Oulu,Autumn,2006
HR-10,51.25,0.41,2000,NA,Oulu,Autumn,2006
HR5,51.25,0.41,2000,NA,Oulu,Autumn,2006
KZ1,49.5,73.1,2000,NA,Oulu,Autumn,2006
KZ9,49.5,73.1,2000,NA,Oulu,Autumn,2006
Lov-1,62.58,17.92,2000,1996.878571,Oulu,Autumn,2006
N10,61.95,34.2,2000,NA,Oulu,Autumn,2006
N11,62.01,34.07,2000,NA,Oulu,Autumn,2006
N13,62.13,34.02,2000,NA,Oulu,Autumn,2006
N15,62.21,34.26,2000,NA,Oulu,Autumn,2006
N17,61.78,34.36,2000,NA,Oulu,Autumn,2006
N7,61.9,34.6,2000,NA,Oulu,Autumn,2006
N8,61.97,34.56,2000,NA,Oulu,Autumn,2006
NFA-10,51.25,0.41,2000,NA,Oulu,Autumn,2006
Omo2-1,56.25,15.25,2000,2837.7,Oulu,Autumn,2006
Omo2-3,56.25,15.25,2000,2575.94,Oulu,Autumn,2006
Ost-0,60.26,18.37,2000,1794.621429,Oulu,Autumn,2006
Pro-0,43.25,-6.02,2000,99.57857143,Oulu,Autumn,2006
Spr1-2,56.32,14.29,2000,3197.021429,Oulu,Autumn,2006
Spr1-6,56.32,14.29,2000,890.3916667,Oulu,Autumn,2006
Sq-1,51.25,0.41,2000,306.1928571,Oulu,Autumn,2006
Sq-8,51.25,0.41,2000,NA,Oulu,Autumn,2006
Tamm-2,59.92,23.25,2000,1980.771429,Oulu,Autumn,2006
Tamm-27,59.92,23.25,2000,3106.106667,Oulu,Autumn,2006
Ull2-3,56.09,13.46,2000,2520.107143,Oulu,Autumn,2006
Ull2-5,56.09,13.46,2000,2175.253333,Oulu,Autumn,2006
Uod-1,48.07,14.53,2000,NA,Oulu,Autumn,2006
Uod-7,48.07,14.53,2000,NA,Oulu,Autumn,2006
Var2-1,55.42,14.25,2000,1834.7,Oulu,Autumn,2006
Var2-6,55.42,14.25,2000,1234.716667,Oulu,Autumn,2006
Zdr-1,49.12,16.37,2000,NA,Oulu,Autumn,2006
Zdr-6,49.12,16.37,2000,NA,Oulu,Autumn,2006
Bas-1,51.84,79.48,2002,NA,Oulu,Autumn,2006
Bas-2,51.82,79.48,2002,NA,Oulu,Autumn,2006
Bas-3,51.84,79.46,2002,NA,Oulu,Autumn,2006
Cha-1,53.6,79.39,2002,NA,Oulu,Autumn,2006
Cha-2,53.6,79.37,2002,NA,Oulu,Autumn,2006
Kly-1,51.34,82.57,2002,NA,Oulu,Autumn,2006
Kly-2,51.31,82.59,2002,NA,Oulu,Autumn,2006
Kly-3,51.36,82.59,2002,NA,Oulu,Autumn,2006
Kly-4,51.32,82.55,2002,NA,Oulu,Autumn,2006
Kly-5,51.32,82.55,2002,NA,Oulu,Autumn,2006
Kly-6,51.33,82.54,2002,NA,Oulu,Autumn,2006
Koz-1,51.35,82.18,2002,NA,Oulu,Autumn,2006
Koz-2,51.33,82.19,2002,NA,Oulu,Autumn,2006
Koz-3,51.34,82.16,2002,NA,Oulu,Autumn,2006
Leb-1,51.65,80.79,2002,NA,Oulu,Autumn,2006
Leb-2,51.67,80.82,2002,NA,Oulu,Autumn,2006
Leb-3,51.66,80.82,2002,NA,Oulu,Autumn,2006
Leb-4,51.63,80.83,2002,NA,Oulu,Autumn,2006
Mas-3,54.13,81.31,2002,NA,Oulu,Autumn,2006
Nos-1,51.87,80.6,2002,NA,Oulu,Autumn,2006
1-Nov,51.75,80.82,2002,NA,Oulu,Autumn,2006
2-Nov,51.77,80.85,2002,NA,Oulu,Autumn,2006
3-Nov,51.73,80.86,2002,NA,Oulu,Autumn,2006
Rak-2,51.84,80.06,2002,NA,Oulu,Autumn,2006
Rak-3,51.84,80.06,2002,NA,Oulu,Autumn,2006
Sev-1,52.1,79.31,2002,NA,Oulu,Autumn,2006
Sij-1/72,41.45,70.05,2002,NA,Oulu,Autumn,2006
Sij-4/82,41.45,70.05,2002,NA,Oulu,Autumn,2006
Blh-2,48.29,19.85,NA,NA,Oulu,Autumn,2006
M3385S,59.33,18.06,NA,1312.013333,Oulu,Autumn,2006
Sorbo,38.35,68.48,NA,NA,Oulu,Autumn,2006
Utrecht,52.09,5.12,NA,NA,Oulu,Autumn,2006
Br-0Ê,49.19,16.61,NA,904.9214286,Oulu,Autumn,2006
Cen-0,49.18,-0.36,NA,NA,Oulu,Autumn,2006
Cha-0,46.03,7.12,NA,NA,Oulu,Autumn,2006
Edi-0,55.95,-3.19,NA,2544.073333,Oulu,Autumn,2006
Ei-2,50.25,6.67,NA,NA,Oulu,Autumn,2006
Ei-4 ,50.25,6.67,NA,NA,Oulu,Autumn,2006
Ei-6 ,50.25,6.67,NA,1764.507143,Oulu,Autumn,2006
Hi-0,52.22,5.17,NA,NA,Oulu,Autumn,2006
Ko-2,55.68,12.57,NA,NA,Oulu,Autumn,2006
Ko-3,55.3,11.75,NA,3193.823077,Oulu,Autumn,2006
Le-0,52.16,4.49,NA,NA,Oulu,Autumn,2006
Mh-1,53.52,20.2,NA,NA,Oulu,Autumn,2006
Ms-0,55.76,37.62,NA,NA,Oulu,Autumn,2006
Pf-0,48.55,9.11,NA,NA,Oulu,Autumn,2006
Wil-2,54.69,25.28,NA,NA,Oulu,Autumn,2006
Ta-0,49.41,14.66,1937,NA,Halle,Fall,2007
Wa-1,52.23,21.01,1937,NA,Halle,Fall,2007
Bd-0,52.45,13.28,1939,10167.52,Halle,Fall,2007
Col-0,52.73,15.24,1939,18699.58667,Halle,Fall,2007
Dr-0,51.1,13.82,1939,NA,Halle,Fall,2007
Gie-0,50.58,8.65,1939,NA,Halle,Fall,2007
Gr-3,47.07,15.44,1939,14777.6,Halle,Fall,2007
Gr-6,47.07,15.44,1939,NA,Halle,Fall,2007
In-0,47.26,11.39,1939,NA,Halle,Fall,2007
Is-0,50.48,7.6,1939,NA,Halle,Fall,2007
La-1,52.73,15.24,1939,NA,Halle,Fall,2007
Ler-1,52.73,15.24,1939,12091.275,Halle,Fall,2007
Lu-1,55.7,13.19,1939,7991.2,Halle,Fall,2007
St-0,59.33,18.06,1939,NA,Halle,Fall,2007
Bl-1,44.49,11.35,1940,NA,Halle,Fall,2007
Bs-1,47.56,7.58,1940,38187.04,Halle,Fall,2007
Bs-5 ,47.56,7.58,1940,NA,Halle,Fall,2007
Bsch-0,50.02,8.67,1940,NA,Halle,Fall,2007
Da-0,49.87,8.65,1940,NA,Halle,Fall,2007
Fr-2,50.12,8.68,1940,NA,Halle,Fall,2007
Li-2:1 ,50.37,8.12,1940,NA,Halle,Fall,2007
Si-0,50.87,8.02,1940,16847.12,Halle,Fall,2007
Vi-0,50.18,8.74,1940,NA,Halle,Fall,2007
Bu-0,50.7,9.72,1941,NA,Halle,Fall,2007
Ep-0,50.17,8.39,1941,NA,Halle,Fall,2007
Kn-0,54.9,23.89,1942,NA,Halle,Fall,2007
Rsch-0,56.27,34.33,1942,NA,Halle,Fall,2007
Chi-0,53.74,34.74,1943,NA,Halle,Fall,2007
Lm-2,48.01,0.2,1943,NA,Halle,Fall,2007
Nw-1,50.32,8.41,1943,NA,Halle,Fall,2007
Nw-3 ,50.32,8.41,1943,NA,Halle,Fall,2007
Rou-0,49.44,1.1,1943,NA,Halle,Fall,2007
Stw-0,52.97,36.07,1943,NA,Halle,Fall,2007
Ws-0,53.09,30.91,1943,NA,Halle,Fall,2007
Li-6:1,50.37,8.12,1944,NA,Halle,Fall,2007
G-0,50.39,8,1947,NA,Halle,Fall,2007
Ga-0,50.3,8,1948,NA,Halle,Fall,2007
Li-10,50.37,8.12,1948,NA,Halle,Fall,2007
Ll-0,41.83,2.89,1948,NA,Halle,Fall,2007
Ll-2 ,41.83,2.89,1948,15508.8,Halle,Fall,2007
Loh-0,50.37,8.12,1948,NA,Halle,Fall,2007
Pla-0,41.92,3.08,1948,30431.31667,Halle,Fall,2007
Se-0,41.42,2.25,1948,NA,Halle,Fall,2007
Sei-0,46.55,11.56,1948,NA,Halle,Fall,2007
Sf-1,42.47,0.53,1948,NA,Halle,Fall,2007
Sf-2 ,42.47,0.53,1948,18648.925,Halle,Fall,2007
Ts-1,41.72,2.93,1948,NA,Halle,Fall,2007
Ts-5,41.72,2.93,1948,30479.7,Halle,Fall,2007
Mr-0,44.78,9.77,1952,NA,Halle,Fall,2007
An-1,51.22,4.42,1954,NA,Halle,Fall,2007
Bla-1,41.67,2.79,1954,NA,Halle,Fall,2007
Co-2,40.21,-8.43,1954,11331.75,Halle,Fall,2007
Fe-1,48,7.85,1954,NA,Halle,Fall,2007
Sg-1,48.12,8.33,1954,NA,Halle,Fall,2007
Uk-4,48.03,7.76,1954,NA,Halle,Fall,2007
Ak-1,48.07,7.65,1955,NA,Halle,Fall,2007
Lo-1,47.62,7.66,1955,NA,Halle,Fall,2007
Mrk-0,47.64,7.59,1955,NA,Halle,Fall,2007
Set-0,54.07,-2.28,1955,NA,Halle,Fall,2007
Bla-10Ê,41.67,2.79,1956,NA,Halle,Fall,2007
Gd-1,53.55,10.78,1957,NA,Halle,Fall,2007
Pt-0,53.48,10.61,1957,NA,Halle,Fall,2007
G-2 ,51.53,9.93,1958,NA,Halle,Fall,2007
Goettingen-22,51.32,9.55,1959,NA,Halle,Fall,2007
Goettingen-7,51.32,9.55,1959,NA,Halle,Fall,2007
Rennes-1,48.5,-1.41,1959,NA,Halle,Fall,2007
Aa-0,50.92,9.57,1959,NA,Halle,Fall,2007
Ba-1,56.54,-4.79,1959,NA,Halle,Fall,2007
Ca-0,50.3,8.27,1959,NA,Halle,Fall,2007
El-0,51.3,9.97,1959,NA,Halle,Fall,2007
Hh-0,54.42,9.89,1959,NA,Halle,Fall,2007
Hn-0,51.33,8.27,1959,NA,Halle,Fall,2007
Lan-0,55.67,-3.78,1959,NA,Halle,Fall,2007
Ag-0,45.1,1.93,1960,NA,Halle,Fall,2007
Et-0,44.64,2.56,1960,NA,Halle,Fall,2007
Hl-0,52.26,9.63,1960,NA,Halle,Fall,2007
Pn-0,48.07,-2.97,1960,NA,Halle,Fall,2007
Hl-3 ,51.57,9.9,1961,NA,Halle,Fall,2007
Hs-0,52.91,9.02,1961,NA,Halle,Fall,2007
Ty-0,56.43,-5.24,1961,NA,Halle,Fall,2007
Np-0,52.7,10.98,1963,NA,Halle,Fall,2007
Fi-0,50.5,8.02,1964,NA,Halle,Fall,2007
Me-0,51.92,10.11,1964,NA,Halle,Fall,2007
Nd-1,47.4,8.18,1964,12677.88571,Halle,Fall,2007
Or-0,50.38,8.01,1964,NA,Halle,Fall,2007
Ove-0,53.54,7.8,1964,NA,Halle,Fall,2007
Sh-0,51.68,10.21,1964,NA,Halle,Fall,2007
Wc-2,52.6,10.08,1964,NA,Halle,Fall,2007
Wt-5,52.65,9.84,1964,NA,Halle,Fall,2007
Sue-0,37.18,-3.6,1967,NA,Halle,Fall,2007
Sah-0,38.9,-3.05,1974,NA,Halle,Fall,2007
Mz-0,47.97,7.83,1975,NA,Halle,Fall,2007
Per-1,58,56.24,1975,NA,Halle,Fall,2007
So-0,61.55,6.33,1975,NA,Halle,Fall,2007
Bus-0,60.47,8.47,1976,NA,Halle,Fall,2007
Nie-0,50.34,8.43,1976,NA,Halle,Fall,2007
Hel-1,60.17,24.94,1977,NA,Halle,Fall,2007
Nc-1,48.61,6.25,1977,19351.9,Halle,Fall,2007
Al-0,55.19,9.01,1978,NA,Halle,Fall,2007
Eil-0,51.47,12.62,1978,28299.78571,Halle,Fall,2007
Ge-1,46.2,6.14,1978,NA,Halle,Fall,2007
No-0,51.06,13.3,1978,NA,Halle,Fall,2007
Ob-2,50.2,8.58,1978,NA,Halle,Fall,2007
Sol-0,55.54,12.18,1978,NA,Halle,Fall,2007
Ste-0,52.6,11.87,1978,NA,Halle,Fall,2007
Db-0,50.09,8.24,1979,NA,Halle,Fall,2007
Es-0,60.21,24.65,1979,NA,Halle,Fall,2007
Lip-0,50.14,19.4,1980,NA,Halle,Fall,2007
Bay-0,49.95,11.58,1983,22628.57143,Halle,Fall,2007
Mnz-0,50,8.27,1984,NA,Halle,Fall,2007
Dra-0,49.42,16.27,1987,NA,Halle,Fall,2007
Jm-0,49.07,16.25,1987,NA,Halle,Fall,2007
Ang-0,50.62,5.6,1987,NA,Halle,Fall,2007
Cit-0,43.38,2.54,1987,NA,Halle,Fall,2007
Gy-0,46.52,1.38,1987,NA,Halle,Fall,2007
Lz-0,45.83,3.38,1987,NA,Halle,Fall,2007
Ra-0,46.02,3.35,1987,NA,Halle,Fall,2007
Nok-3,52.23,4.45,1989,NA,Halle,Fall,2007
Arby-1,59.38,16.52,1990,NA,Halle,Fall,2007
Benk-1,52,5.68,1990,NA,Halle,Fall,2007
Chat-1,48.07,1.33,1990,NA,Halle,Fall,2007
Ema-1,51.28,0.45,1990,NA,Halle,Fall,2007
Eri-1,56.44,15.36,1990,NA,Halle,Fall,2007
Lp2-2,49.22,16.39,1990,NA,Halle,Fall,2007
Lp2-6,49.22,16.39,1990,NA,Halle,Fall,2007
Pu2-23,49.42,16.42,1990,NA,Halle,Fall,2007
Pu2-7,49.42,16.42,1990,NA,Halle,Fall,2007
Rak-2,49.04,16.31,1990,NA,Halle,Fall,2007
Rome-1,41.9,12.48,1990,NA,Halle,Fall,2007
Sap-0,49.81,14.4,1990,NA,Halle,Fall,2007
Ting-1,56.52,14.98,1990,NA,Halle,Fall,2007
Wei-0,47.42,8.43,1990,NA,Halle,Fall,2007
Wei-1,47.42,8.43,1990,NA,Halle,Fall,2007
Zu-0,47.37,8.54,1990,NA,Halle,Fall,2007
Zu-1,47.37,8.54,1990,NA,Halle,Fall,2007
Abd-0,57.15,-2.22,1993,NA,Halle,Fall,2007
C24,40.21,-8.43,1993,NA,Halle,Fall,2007
Jl-5,49.31,16.61,1993,15519.92,Halle,Fall,2007
Ka-0,46.72,14.18,1993,NA,Halle,Fall,2007
Kondara,38.35,68.48,1993,NA,Halle,Fall,2007
Litva,55.17,23.88,1993,22765.4,Halle,Fall,2007
Petergof,59.87,29.92,1993,NA,Halle,Fall,2007
PHW-1,41.9,12.5,1993,NA,Halle,Fall,2007
PHW-2,43.77,11.26,1993,NA,Halle,Fall,2007
PHW-26,50.67,-3.84,1993,NA,Halle,Fall,2007
PHW-3,50.94,6.96,1993,NA,Halle,Fall,2007
PHW-31,52.4,0.26,1993,0,Halle,Fall,2007
Rld-2,56.27,34.33,1993,NA,Halle,Fall,2007
Rubezhnoe,49.01,38.38,1993,NA,Halle,Fall,2007
Sha,38.35,68.48,1993,NA,Halle,Fall,2007
Alc-0,40.48,-3.36,1998,NA,Halle,Fall,2007
NFC1,51.41,-0.67,1998,NA,Halle,Fall,2007
NFE1,51.41,-0.67,1998,NA,Halle,Fall,2007
PUZ16 ,49.21,17.7,1998,NA,Halle,Fall,2007
Bil-7,63.19,18.29,2000,5974.2,Halle,Fall,2007
Bor-1,49.12,16.37,2000,18571.08,Halle,Fall,2007
Bor-4,49.12,16.37,2000,NA,Halle,Fall,2007
CIBC-17,51.25,0.41,2000,NA,Halle,Fall,2007
CIBC-5,51.25,0.41,2000,NA,Halle,Fall,2007
Eden-1,62.58,17.92,2000,690.0666667,Halle,Fall,2007
Eden-2,62.58,17.92,2000,NA,Halle,Fall,2007
Fab-4,63.01,18.19,2000,NA,Halle,Fall,2007
Fei-0,40.93,-8.54,2000,867.5333333,Halle,Fall,2007
HR-10,51.25,0.41,2000,NA,Halle,Fall,2007
HR5,51.25,0.41,2000,NA,Halle,Fall,2007
KZ1,49.5,73.1,2000,NA,Halle,Fall,2007
KZ9,49.5,73.1,2000,NA,Halle,Fall,2007
Lov-1,62.58,17.92,2000,NA,Halle,Fall,2007
N10,61.95,34.2,2000,NA,Halle,Fall,2007
N11,62.01,34.07,2000,NA,Halle,Fall,2007
N13,62.13,34.02,2000,NA,Halle,Fall,2007
N15,62.21,34.26,2000,NA,Halle,Fall,2007
N17,61.78,34.36,2000,NA,Halle,Fall,2007
N7,61.9,34.6,2000,NA,Halle,Fall,2007
N8,61.97,34.56,2000,NA,Halle,Fall,2007
NFA-10,51.25,0.41,2000,NA,Halle,Fall,2007
Omo2-1,56.25,15.25,2000,3172,Halle,Fall,2007
Omo2-3,56.25,15.25,2000,NA,Halle,Fall,2007
Ost-0,60.26,18.37,2000,NA,Halle,Fall,2007
Pro-0,43.25,-6.02,2000,16374.94286,Halle,Fall,2007
Spr1-2,56.32,14.29,2000,NA,Halle,Fall,2007
Spr1-6,56.32,14.29,2000,NA,Halle,Fall,2007
Sq-1,51.25,0.41,2000,NA,Halle,Fall,2007
Sq-8,51.25,0.41,2000,NA,Halle,Fall,2007
Tamm-2,59.92,23.25,2000,12148.23333,Halle,Fall,2007
Tamm-27,59.92,23.25,2000,NA,Halle,Fall,2007
Ull2-3,56.09,13.46,2000,NA,Halle,Fall,2007
Ull2-5,56.09,13.46,2000,NA,Halle,Fall,2007
Uod-1,48.07,14.53,2000,NA,Halle,Fall,2007
Uod-7,48.07,14.53,2000,NA,Halle,Fall,2007
Var2-1,55.42,14.25,2000,NA,Halle,Fall,2007
Var2-6,55.42,14.25,2000,NA,Halle,Fall,2007
Zdr-1,49.12,16.37,2000,NA,Halle,Fall,2007
Zdr-6,49.12,16.37,2000,NA,Halle,Fall,2007
Bas-1,51.84,79.48,2002,NA,Halle,Fall,2007
Bas-2,51.82,79.48,2002,NA,Halle,Fall,2007
Bas-3,51.84,79.46,2002,NA,Halle,Fall,2007
Cha-1,53.6,79.39,2002,NA,Halle,Fall,2007
Cha-2,53.6,79.37,2002,NA,Halle,Fall,2007
Kly-1,51.34,82.57,2002,NA,Halle,Fall,2007
Kly-2,51.31,82.59,2002,NA,Halle,Fall,2007
Kly-3,51.36,82.59,2002,NA,Halle,Fall,2007
Kly-4,51.32,82.55,2002,NA,Halle,Fall,2007
Kly-5,51.32,82.55,2002,NA,Halle,Fall,2007
Kly-6,51.33,82.54,2002,NA,Halle,Fall,2007
Koz-1,51.35,82.18,2002,NA,Halle,Fall,2007
Koz-2,51.33,82.19,2002,NA,Halle,Fall,2007
Koz-3,51.34,82.16,2002,NA,Halle,Fall,2007
Leb-1,51.65,80.79,2002,NA,Halle,Fall,2007
Leb-2,51.67,80.82,2002,NA,Halle,Fall,2007
Leb-3,51.66,80.82,2002,NA,Halle,Fall,2007
Leb-4,51.63,80.83,2002,NA,Halle,Fall,2007
Mas-3,54.13,81.31,2002,NA,Halle,Fall,2007
Nos-1,51.87,80.6,2002,NA,Halle,Fall,2007
1-Nov,51.75,80.82,2002,NA,Halle,Fall,2007
2-Nov,51.77,80.85,2002,NA,Halle,Fall,2007
3-Nov,51.73,80.86,2002,NA,Halle,Fall,2007
Rak-2,51.84,80.06,2002,NA,Halle,Fall,2007
Rak-3,51.84,80.06,2002,NA,Halle,Fall,2007
Sev-1,52.1,79.31,2002,NA,Halle,Fall,2007
Sij-1/72,41.45,70.05,2002,NA,Halle,Fall,2007
Sij-4/82,41.45,70.05,2002,NA,Halle,Fall,2007
Blh-2,48.29,19.85,NA,NA,Halle,Fall,2007
M3385S,59.33,18.06,NA,NA,Halle,Fall,2007
Sorbo,38.35,68.48,NA,NA,Halle,Fall,2007
Utrecht,52.09,5.12,NA,NA,Halle,Fall,2007
Br-0Ê,49.19,16.61,NA,18926.6,Halle,Fall,2007
Cen-0,49.18,-0.36,NA,NA,Halle,Fall,2007
Cha-0,46.03,7.12,NA,NA,Halle,Fall,2007
Edi-0,55.95,-3.19,NA,NA,Halle,Fall,2007
Ei-2,50.25,6.67,NA,NA,Halle,Fall,2007
Ei-4 ,50.25,6.67,NA,NA,Halle,Fall,2007
Ei-6 ,50.25,6.67,NA,22573.01667,Halle,Fall,2007
Hi-0,52.22,5.17,NA,NA,Halle,Fall,2007
Ko-2,55.68,12.57,NA,NA,Halle,Fall,2007
Ko-3,55.3,11.75,NA,NA,Halle,Fall,2007
Le-0,52.16,4.49,NA,NA,Halle,Fall,2007
Mh-1,53.52,20.2,NA,NA,Halle,Fall,2007
Ms-0,55.76,37.62,NA,NA,Halle,Fall,2007
Pf-0,48.55,9.11,NA,NA,Halle,Fall,2007
Wil-2,54.69,25.28,NA,NA,Halle,Fall,2007
Ta-0,49.41,14.66,1937,NA,Valencia,Fall,2007
Wa-1,52.23,21.01,1937,NA,Valencia,Fall,2007
Bd-0,52.45,13.28,1939,5288.8,Valencia,Fall,2007
Col-0,52.73,15.24,1939,4052,Valencia,Fall,2007
Dr-0,51.1,13.82,1939,NA,Valencia,Fall,2007
Gie-0,50.58,8.65,1939,NA,Valencia,Fall,2007
Gr-3,47.07,15.44,1939,5855.5,Valencia,Fall,2007
Gr-6,47.07,15.44,1939,NA,Valencia,Fall,2007
In-0,47.26,11.39,1939,NA,Valencia,Fall,2007
Is-0,50.48,7.6,1939,NA,Valencia,Fall,2007
La-1,52.73,15.24,1939,NA,Valencia,Fall,2007
Ler-1,52.73,15.24,1939,3071.333333,Valencia,Fall,2007
Lu-1,55.7,13.19,1939,2785.285714,Valencia,Fall,2007
St-0,59.33,18.06,1939,NA,Valencia,Fall,2007
Bl-1,44.49,11.35,1940,NA,Valencia,Fall,2007
Bs-1,47.56,7.58,1940,13238.25,Valencia,Fall,2007
Bs-5 ,47.56,7.58,1940,NA,Valencia,Fall,2007
Bsch-0,50.02,8.67,1940,NA,Valencia,Fall,2007
Da-0,49.87,8.65,1940,NA,Valencia,Fall,2007
Fr-2,50.12,8.68,1940,NA,Valencia,Fall,2007
Li-2:1 ,50.37,8.12,1940,NA,Valencia,Fall,2007
Si-0,50.87,8.02,1940,10368.5,Valencia,Fall,2007
Vi-0,50.18,8.74,1940,NA,Valencia,Fall,2007
Bu-0,50.7,9.72,1941,NA,Valencia,Fall,2007
Ep-0,50.17,8.39,1941,NA,Valencia,Fall,2007
Kn-0,54.9,23.89,1942,NA,Valencia,Fall,2007
Rsch-0,56.27,34.33,1942,NA,Valencia,Fall,2007
Chi-0,53.74,34.74,1943,NA,Valencia,Fall,2007
Lm-2,48.01,0.2,1943,NA,Valencia,Fall,2007
Nw-1,50.32,8.41,1943,NA,Valencia,Fall,2007
Nw-3 ,50.32,8.41,1943,NA,Valencia,Fall,2007
Rou-0,49.44,1.1,1943,NA,Valencia,Fall,2007
Stw-0,52.97,36.07,1943,NA,Valencia,Fall,2007
Ws-0,53.09,30.91,1943,NA,Valencia,Fall,2007
Li-6:1,50.37,8.12,1944,NA,Valencia,Fall,2007
G-0,50.39,8,1947,NA,Valencia,Fall,2007
Ga-0,50.3,8,1948,NA,Valencia,Fall,2007
Li-10,50.37,8.12,1948,NA,Valencia,Fall,2007
Ll-0,41.83,2.89,1948,NA,Valencia,Fall,2007
Ll-2 ,41.83,2.89,1948,9825.75,Valencia,Fall,2007
Loh-0,50.37,8.12,1948,NA,Valencia,Fall,2007
Pla-0,41.92,3.08,1948,16666,Valencia,Fall,2007
Se-0,41.42,2.25,1948,NA,Valencia,Fall,2007
Sei-0,46.55,11.56,1948,NA,Valencia,Fall,2007
Sf-1,42.47,0.53,1948,NA,Valencia,Fall,2007
Sf-2 ,42.47,0.53,1948,3654.666667,Valencia,Fall,2007
Ts-1,41.72,2.93,1948,NA,Valencia,Fall,2007
Ts-5,41.72,2.93,1948,1253.5,Valencia,Fall,2007
Mr-0,44.78,9.77,1952,NA,Valencia,Fall,2007
An-1,51.22,4.42,1954,NA,Valencia,Fall,2007
Bla-1,41.67,2.79,1954,NA,Valencia,Fall,2007
Co-2,40.21,-8.43,1954,2449.8,Valencia,Fall,2007
Fe-1,48,7.85,1954,NA,Valencia,Fall,2007
Sg-1,48.12,8.33,1954,NA,Valencia,Fall,2007
Uk-4,48.03,7.76,1954,NA,Valencia,Fall,2007
Ak-1,48.07,7.65,1955,NA,Valencia,Fall,2007
Lo-1,47.62,7.66,1955,NA,Valencia,Fall,2007
Mrk-0,47.64,7.59,1955,NA,Valencia,Fall,2007
Set-0,54.07,-2.28,1955,NA,Valencia,Fall,2007
Bla-10Ê,41.67,2.79,1956,NA,Valencia,Fall,2007
Gd-1,53.55,10.78,1957,NA,Valencia,Fall,2007
Pt-0,53.48,10.61,1957,NA,Valencia,Fall,2007
G-2 ,51.53,9.93,1958,NA,Valencia,Fall,2007
Goettingen-22,51.32,9.55,1959,NA,Valencia,Fall,2007
Goettingen-7,51.32,9.55,1959,NA,Valencia,Fall,2007
Rennes-1,48.5,-1.41,1959,NA,Valencia,Fall,2007
Aa-0,50.92,9.57,1959,NA,Valencia,Fall,2007
Ba-1,56.54,-4.79,1959,NA,Valencia,Fall,2007
Ca-0,50.3,8.27,1959,NA,Valencia,Fall,2007
El-0,51.3,9.97,1959,NA,Valencia,Fall,2007
Hh-0,54.42,9.89,1959,NA,Valencia,Fall,2007
Hn-0,51.33,8.27,1959,NA,Valencia,Fall,2007
Lan-0,55.67,-3.78,1959,NA,Valencia,Fall,2007
Ag-0,45.1,1.93,1960,NA,Valencia,Fall,2007
Et-0,44.64,2.56,1960,NA,Valencia,Fall,2007
Hl-0,52.26,9.63,1960,NA,Valencia,Fall,2007
Pn-0,48.07,-2.97,1960,NA,Valencia,Fall,2007
Hl-3 ,51.57,9.9,1961,NA,Valencia,Fall,2007
Hs-0,52.91,9.02,1961,NA,Valencia,Fall,2007
Ty-0,56.43,-5.24,1961,NA,Valencia,Fall,2007
Np-0,52.7,10.98,1963,NA,Valencia,Fall,2007
Fi-0,50.5,8.02,1964,NA,Valencia,Fall,2007
Me-0,51.92,10.11,1964,NA,Valencia,Fall,2007
Nd-1,47.4,8.18,1964,673.8,Valencia,Fall,2007
Or-0,50.38,8.01,1964,NA,Valencia,Fall,2007
Ove-0,53.54,7.8,1964,NA,Valencia,Fall,2007
Sh-0,51.68,10.21,1964,NA,Valencia,Fall,2007
Wc-2,52.6,10.08,1964,NA,Valencia,Fall,2007
Wt-5,52.65,9.84,1964,NA,Valencia,Fall,2007
Sue-0,37.18,-3.6,1967,NA,Valencia,Fall,2007
Sah-0,38.9,-3.05,1974,NA,Valencia,Fall,2007
Mz-0,47.97,7.83,1975,NA,Valencia,Fall,2007
Per-1,58,56.24,1975,NA,Valencia,Fall,2007
So-0,61.55,6.33,1975,NA,Valencia,Fall,2007
Bus-0,60.47,8.47,1976,NA,Valencia,Fall,2007
Nie-0,50.34,8.43,1976,NA,Valencia,Fall,2007
Hel-1,60.17,24.94,1977,NA,Valencia,Fall,2007
Nc-1,48.61,6.25,1977,6399,Valencia,Fall,2007
Al-0,55.19,9.01,1978,NA,Valencia,Fall,2007
Eil-0,51.47,12.62,1978,8639.571429,Valencia,Fall,2007
Ge-1,46.2,6.14,1978,NA,Valencia,Fall,2007
No-0,51.06,13.3,1978,NA,Valencia,Fall,2007
Ob-2,50.2,8.58,1978,NA,Valencia,Fall,2007
Sol-0,55.54,12.18,1978,NA,Valencia,Fall,2007
Ste-0,52.6,11.87,1978,NA,Valencia,Fall,2007
Db-0,50.09,8.24,1979,NA,Valencia,Fall,2007
Es-0,60.21,24.65,1979,NA,Valencia,Fall,2007
Lip-0,50.14,19.4,1980,NA,Valencia,Fall,2007
Bay-0,49.95,11.58,1983,9053.142857,Valencia,Fall,2007
Mnz-0,50,8.27,1984,NA,Valencia,Fall,2007
Dra-0,49.42,16.27,1987,NA,Valencia,Fall,2007
Jm-0,49.07,16.25,1987,NA,Valencia,Fall,2007
Ang-0,50.62,5.6,1987,NA,Valencia,Fall,2007
Cit-0,43.38,2.54,1987,NA,Valencia,Fall,2007
Gy-0,46.52,1.38,1987,NA,Valencia,Fall,2007
Lz-0,45.83,3.38,1987,NA,Valencia,Fall,2007
Ra-0,46.02,3.35,1987,NA,Valencia,Fall,2007
Nok-3,52.23,4.45,1989,NA,Valencia,Fall,2007
Arby-1,59.38,16.52,1990,NA,Valencia,Fall,2007
Benk-1,52,5.68,1990,NA,Valencia,Fall,2007
Chat-1,48.07,1.33,1990,NA,Valencia,Fall,2007
Ema-1,51.28,0.45,1990,NA,Valencia,Fall,2007
Eri-1,56.44,15.36,1990,NA,Valencia,Fall,2007
Lp2-2,49.22,16.39,1990,NA,Valencia,Fall,2007
Lp2-6,49.22,16.39,1990,NA,Valencia,Fall,2007
Pu2-23,49.42,16.42,1990,NA,Valencia,Fall,2007
Pu2-7,49.42,16.42,1990,NA,Valencia,Fall,2007
Rak-2,49.04,16.31,1990,NA,Valencia,Fall,2007
Rome-1,41.9,12.48,1990,NA,Valencia,Fall,2007
Sap-0,49.81,14.4,1990,NA,Valencia,Fall,2007
Ting-1,56.52,14.98,1990,NA,Valencia,Fall,2007
Wei-0,47.42,8.43,1990,NA,Valencia,Fall,2007
Wei-1,47.42,8.43,1990,NA,Valencia,Fall,2007
Zu-0,47.37,8.54,1990,NA,Valencia,Fall,2007
Zu-1,47.37,8.54,1990,NA,Valencia,Fall,2007
Abd-0,57.15,-2.22,1993,NA,Valencia,Fall,2007
C24,40.21,-8.43,1993,NA,Valencia,Fall,2007
Jl-5,49.31,16.61,1993,1115.833333,Valencia,Fall,2007
Ka-0,46.72,14.18,1993,NA,Valencia,Fall,2007
Kondara,38.35,68.48,1993,NA,Valencia,Fall,2007
Litva,55.17,23.88,1993,1762,Valencia,Fall,2007
Petergof,59.87,29.92,1993,NA,Valencia,Fall,2007
PHW-1,41.9,12.5,1993,NA,Valencia,Fall,2007
PHW-2,43.77,11.26,1993,NA,Valencia,Fall,2007
PHW-26,50.67,-3.84,1993,NA,Valencia,Fall,2007
PHW-3,50.94,6.96,1993,NA,Valencia,Fall,2007
PHW-31,52.4,0.26,1993,2025,Valencia,Fall,2007
Rld-2,56.27,34.33,1993,NA,Valencia,Fall,2007
Rubezhnoe,49.01,38.38,1993,NA,Valencia,Fall,2007
Sha,38.35,68.48,1993,NA,Valencia,Fall,2007
Alc-0,40.48,-3.36,1998,NA,Valencia,Fall,2007
NFC1,51.41,-0.67,1998,NA,Valencia,Fall,2007
NFE1,51.41,-0.67,1998,NA,Valencia,Fall,2007
PUZ16 ,49.21,17.7,1998,NA,Valencia,Fall,2007
Bil-7,63.19,18.29,2000,1220.625,Valencia,Fall,2007
Bor-1,49.12,16.37,2000,9223.285714,Valencia,Fall,2007
Bor-4,49.12,16.37,2000,NA,Valencia,Fall,2007
CIBC-17,51.25,0.41,2000,NA,Valencia,Fall,2007
CIBC-5,51.25,0.41,2000,NA,Valencia,Fall,2007
Eden-1,62.58,17.92,2000,0,Valencia,Fall,2007
Eden-2,62.58,17.92,2000,NA,Valencia,Fall,2007
Fab-4,63.01,18.19,2000,NA,Valencia,Fall,2007
Fei-0,40.93,-8.54,2000,12312,Valencia,Fall,2007
HR-10,51.25,0.41,2000,NA,Valencia,Fall,2007
HR5,51.25,0.41,2000,NA,Valencia,Fall,2007
KZ1,49.5,73.1,2000,NA,Valencia,Fall,2007
KZ9,49.5,73.1,2000,NA,Valencia,Fall,2007
Lov-1,62.58,17.92,2000,NA,Valencia,Fall,2007
N10,61.95,34.2,2000,NA,Valencia,Fall,2007
N11,62.01,34.07,2000,NA,Valencia,Fall,2007
N13,62.13,34.02,2000,NA,Valencia,Fall,2007
N15,62.21,34.26,2000,NA,Valencia,Fall,2007
N17,61.78,34.36,2000,NA,Valencia,Fall,2007
N7,61.9,34.6,2000,NA,Valencia,Fall,2007
N8,61.97,34.56,2000,NA,Valencia,Fall,2007
NFA-10,51.25,0.41,2000,NA,Valencia,Fall,2007
Omo2-1,56.25,15.25,2000,NA,Valencia,Fall,2007
Omo2-3,56.25,15.25,2000,NA,Valencia,Fall,2007
Ost-0,60.26,18.37,2000,NA,Valencia,Fall,2007
Pro-0,43.25,-6.02,2000,4997,Valencia,Fall,2007
Spr1-2,56.32,14.29,2000,NA,Valencia,Fall,2007
Spr1-6,56.32,14.29,2000,NA,Valencia,Fall,2007
Sq-1,51.25,0.41,2000,NA,Valencia,Fall,2007
Sq-8,51.25,0.41,2000,NA,Valencia,Fall,2007
Tamm-2,59.92,23.25,2000,3820.75,Valencia,Fall,2007
Tamm-27,59.92,23.25,2000,NA,Valencia,Fall,2007
Ull2-3,56.09,13.46,2000,NA,Valencia,Fall,2007
Ull2-5,56.09,13.46,2000,NA,Valencia,Fall,2007
Uod-1,48.07,14.53,2000,NA,Valencia,Fall,2007
Uod-7,48.07,14.53,2000,NA,Valencia,Fall,2007
Var2-1,55.42,14.25,2000,NA,Valencia,Fall,2007
Var2-6,55.42,14.25,2000,NA,Valencia,Fall,2007
Zdr-1,49.12,16.37,2000,NA,Valencia,Fall,2007
Zdr-6,49.12,16.37,2000,NA,Valencia,Fall,2007
Bas-1,51.84,79.48,2002,NA,Valencia,Fall,2007
Bas-2,51.82,79.48,2002,NA,Valencia,Fall,2007
Bas-3,51.84,79.46,2002,NA,Valencia,Fall,2007
Cha-1,53.6,79.39,2002,NA,Valencia,Fall,2007
Cha-2,53.6,79.37,2002,NA,Valencia,Fall,2007
Kly-1,51.34,82.57,2002,NA,Valencia,Fall,2007
Kly-2,51.31,82.59,2002,NA,Valencia,Fall,2007
Kly-3,51.36,82.59,2002,NA,Valencia,Fall,2007
Kly-4,51.32,82.55,2002,NA,Valencia,Fall,2007
Kly-5,51.32,82.55,2002,NA,Valencia,Fall,2007
Kly-6,51.33,82.54,2002,NA,Valencia,Fall,2007
Koz-1,51.35,82.18,2002,NA,Valencia,Fall,2007
Koz-2,51.33,82.19,2002,NA,Valencia,Fall,2007
Koz-3,51.34,82.16,2002,NA,Valencia,Fall,2007
Leb-1,51.65,80.79,2002,NA,Valencia,Fall,2007
Leb-2,51.67,80.82,2002,NA,Valencia,Fall,2007
Leb-3,51.66,80.82,2002,NA,Valencia,Fall,2007
Leb-4,51.63,80.83,2002,NA,Valencia,Fall,2007
Mas-3,54.13,81.31,2002,NA,Valencia,Fall,2007
Nos-1,51.87,80.6,2002,NA,Valencia,Fall,2007
1-Nov,51.75,80.82,2002,NA,Valencia,Fall,2007
2-Nov,51.77,80.85,2002,NA,Valencia,Fall,2007
3-Nov,51.73,80.86,2002,NA,Valencia,Fall,2007
Rak-2,51.84,80.06,2002,NA,Valencia,Fall,2007
Rak-3,51.84,80.06,2002,NA,Valencia,Fall,2007
Sev-1,52.1,79.31,2002,NA,Valencia,Fall,2007
Sij-1/72,41.45,70.05,2002,NA,Valencia,Fall,2007
Sij-4/82,41.45,70.05,2002,NA,Valencia,Fall,2007
Blh-2,48.29,19.85,NA,NA,Valencia,Fall,2007
M3385S,59.33,18.06,NA,NA,Valencia,Fall,2007
Sorbo,38.35,68.48,NA,NA,Valencia,Fall,2007
Utrecht,52.09,5.12,NA,NA,Valencia,Fall,2007
Br-0Ê,49.19,16.61,NA,1278.166667,Valencia,Fall,2007
Cen-0,49.18,-0.36,NA,NA,Valencia,Fall,2007
Cha-0,46.03,7.12,NA,NA,Valencia,Fall,2007
Edi-0,55.95,-3.19,NA,NA,Valencia,Fall,2007
Ei-2,50.25,6.67,NA,NA,Valencia,Fall,2007
Ei-4 ,50.25,6.67,NA,NA,Valencia,Fall,2007
Ei-6 ,50.25,6.67,NA,6423.777778,Valencia,Fall,2007
Hi-0,52.22,5.17,NA,NA,Valencia,Fall,2007
Ko-2,55.68,12.57,NA,NA,Valencia,Fall,2007
Ko-3,55.3,11.75,NA,NA,Valencia,Fall,2007
Le-0,52.16,4.49,NA,NA,Valencia,Fall,2007
Mh-1,53.52,20.2,NA,NA,Valencia,Fall,2007
Ms-0,55.76,37.62,NA,NA,Valencia,Fall,2007
Pf-0,48.55,9.11,NA,NA,Valencia,Fall,2007
Wil-2,54.69,25.28,NA,NA,Valencia,Fall,2007
